Command: /home/faculty1/VLSI_PRIME_2026_EvEN/Maadeash K/RISC-V(Pipelined)/run/./simv +UVM_TESTNAME=rv32i_covclose_test -cm line+cond+tgl+fsm+branch+assert -cm_name covclose -cm_dir simv.vdb -l logs/covclose.log
Chronologic VCS simulator copyright 1991-2025
Contains Synopsys proprietary information.
Compiler version X-2025.06-SP2-1_Full64; Runtime version X-2025.06-SP2-1_Full64;  Aug  4 08:06 2026
UVM_INFO /synopsys/tools/vcs/vcs/X-2025.06-SP2-1/vcs/X-2025.06-SP2-1/etc/uvm-1.2/base/uvm_root.svh(407) @ 0: reporter [UVM/RELNOTES] 
----------------------------------------------------------------
UVM-1.2.Synopsys
(C) 2007-2014 Mentor Graphics Corporation
(C) 2007-2014 Cadence Design Systems, Inc.
(C) 2006-2014 Synopsys, Inc.
(C) 2011-2013 Cypress Semiconductor Corp.
(C) 2013-2014 NVIDIA Corporation
----------------------------------------------------------------

  ***********       IMPORTANT RELEASE NOTES         ************

  You are using a version of the UVM library that has been compiled
  with `UVM_NO_DEPRECATED undefined.
  See http://www.eda.org/svdb/view.php?id=3313 for more details.

  You are using a version of the UVM library that has been compiled
  with `UVM_OBJECT_DO_NOT_NEED_CONSTRUCTOR undefined.
  See http://www.eda.org/svdb/view.php?id=3770 for more details.

      (Specify +UVM_NO_RELNOTES to turn off this notice)

UVM_INFO @ 0: reporter [RNTST] Running test rv32i_covclose_test...
UVM_INFO /synopsys/tools/vcs/vcs/X-2025.06-SP2-1/vcs/X-2025.06-SP2-1/etc/uvm-1.2/base/uvm_root.svh(594) @ 0: reporter [UVMTOP] UVM testbench topology:
------------------------------------------------------------------
Name                       Type                        Size  Value
------------------------------------------------------------------
uvm_test_top               rv32i_covclose_test         -     @348 
  env                      rv32i_env                   -     @361 
    agent                  rv32i_agent                 -     @370 
      ap_all               uvm_analysis_port           -     @613 
      ap_mem               uvm_analysis_port           -     @593 
      ap_trap              uvm_analysis_port           -     @603 
      ap_wb                uvm_analysis_port           -     @583 
      driver               rv32i_driver                -     @545 
        rsp_port           uvm_analysis_port           -     @564 
        seq_item_port      uvm_seq_item_pull_port      -     @554 
      monitor              rv32i_monitor               -     @574 
        ap_all             uvm_analysis_port           -     @654 
        ap_mem             uvm_analysis_port           -     @634 
        ap_trap            uvm_analysis_port           -     @644 
        ap_wb              uvm_analysis_port           -     @624 
      sequencer            rv32i_sequencer             -     @408 
        rsp_export         uvm_analysis_export         -     @417 
        seq_item_export    uvm_seq_item_pull_imp       -     @535 
        arbitration_queue  array                       0     -    
        lock_queue         array                       0     -    
        num_last_reqs      integral                    32    'd1  
        num_last_rsps      integral                    32    'd1  
    coverage               rv32i_coverage              -     @388 
      analysis_imp         uvm_analysis_imp            -     @397 
    scoreboard             rv32i_scoreboard            -     @379 
      mem_fifo             uvm_tlm_analysis_fifo #(T)  -     @729 
        analysis_export    uvm_analysis_imp            -     @778 
        get_ap             uvm_analysis_port           -     @768 
        get_peek_export    uvm_get_peek_imp            -     @748 
        put_ap             uvm_analysis_port           -     @758 
        put_export         uvm_put_imp                 -     @738 
      trap_fifo            uvm_tlm_analysis_fifo #(T)  -     @788 
        analysis_export    uvm_analysis_imp            -     @837 
        get_ap             uvm_analysis_port           -     @827 
        get_peek_export    uvm_get_peek_imp            -     @807 
        put_ap             uvm_analysis_port           -     @817 
        put_export         uvm_put_imp                 -     @797 
      wb_fifo              uvm_tlm_analysis_fifo #(T)  -     @670 
        analysis_export    uvm_analysis_imp            -     @719 
        get_ap             uvm_analysis_port           -     @709 
        get_peek_export    uvm_get_peek_imp            -     @689 
        put_ap             uvm_analysis_port           -     @699 
        put_export         uvm_put_imp                 -     @679 
------------------------------------------------------------------

UVM_INFO ../UVM_VIP/rv32i_sequence_lib.sv(1126) @ 0: uvm_test_top.env.agent.sequencer@@seq [seq] === Coverage Closure Sequence START ===
PIPE_DBG: t=5 ifid_v=x idex_v=x exmem_v=x memwb_v=x | idex_rd=x idex_rs1=x idex_rs2=x | exmem_rd=x exmem_rw=x | memwb_rd=x 		    memwb_rw=x | fwdA=x fwdB=x

========== CSR WRITE ==========
TIME=5
csr_we    = x
csr_cmd   = x
csr_addr  = xxx
csr_raddr = xxx
csr_wdata = xxxxxxxx
OLD VALUE = 00000000

========== CSR WRITE ==========
TIME=6
csr_we    = 0
csr_cmd   = x
csr_addr  = xxx
csr_raddr = xxx
csr_wdata = xxxxxxxx
OLD VALUE = 00000000

========== PIPE ==========
TIME=6
PC          = xxxxxxxx
IFID_VALID  = x
IFID_INSTR  = xxxxxxxx
IDEX_PC     = xxxxxxxx
EXMEM_RD    = x
MEMWB_RD    = x
WB_DATA     = xxxxxxxx
redirect    = x
flush       = x

========== CSR READ ==========
TIME=6
csr_raddr = 000
csr_rdata = 00000000
FWD_DBG: t=6 Rs1E=x Rs2E=x RdM=x RdW=0 RWM=x RWW=0 MRM=x -> A=0 B=0

========== PIPE ==========
TIME=15
PC          = 00000000
IFID_VALID  = 0
IFID_INSTR  = 00000000
IDEX_PC     = xxxxxxxx
EXMEM_RD    = x
MEMWB_RD    = 0
WB_DATA     = 00000000
redirect    = 0
flush       = 0

========== CSR WRITE ==========
TIME=15
csr_we    = 0
csr_cmd   = 0
csr_addr  = 000
csr_raddr = 000
csr_wdata = 00000000
OLD VALUE = 00000000

========== PIPE ==========
TIME=25
PC          = 00000000
IFID_VALID  = 0
IFID_INSTR  = 00000000
IDEX_PC     = xxxxxxxx
EXMEM_RD    = x
MEMWB_RD    = 0
WB_DATA     = 00000000
redirect    = 0
flush       = 0

========== CSR WRITE ==========
TIME=25
csr_we    = 0
csr_cmd   = 0
csr_addr  = 000
csr_raddr = 000
csr_wdata = 00000000
OLD VALUE = 00000000

========== PIPE ==========
TIME=35
PC          = 00000000
IFID_VALID  = 0
IFID_INSTR  = 00000000
IDEX_PC     = xxxxxxxx
EXMEM_RD    = x
MEMWB_RD    = 0
WB_DATA     = 00000000
redirect    = 0
flush       = 0

========== CSR WRITE ==========
TIME=35
csr_we    = 0
csr_cmd   = 0
csr_addr  = 000
csr_raddr = 000
csr_wdata = 00000000
OLD VALUE = 00000000

========== PIPE ==========
TIME=45
PC          = 00000000
IFID_VALID  = 0
IFID_INSTR  = 00000000
IDEX_PC     = xxxxxxxx
EXMEM_RD    = x
MEMWB_RD    = 0
WB_DATA     = 00000000
redirect    = 0
flush       = 0

========== CSR WRITE ==========
TIME=45
csr_we    = 0
csr_cmd   = 0
csr_addr  = 000
csr_raddr = 000
csr_wdata = 00000000
OLD VALUE = 00000000

========== PIPE ==========
TIME=55
PC          = 00000000
IFID_VALID  = 0
IFID_INSTR  = 00000000
IDEX_PC     = xxxxxxxx
EXMEM_RD    = x
MEMWB_RD    = 0
WB_DATA     = 00000000
redirect    = 0
flush       = 0

========== CSR WRITE ==========
TIME=55
csr_we    = 0
csr_cmd   = 0
csr_addr  = 000
csr_raddr = 000
csr_wdata = 00000000
OLD VALUE = 00000000

========== PIPE ==========
TIME=65
PC          = 00000000
IFID_VALID  = 0
IFID_INSTR  = 00000000
IDEX_PC     = xxxxxxxx
EXMEM_RD    = x
MEMWB_RD    = 0
WB_DATA     = 00000000
redirect    = 0
flush       = 0

========== CSR WRITE ==========
TIME=65
csr_we    = 0
csr_cmd   = 0
csr_addr  = 000
csr_raddr = 000
csr_wdata = 00000000
OLD VALUE = 00000000

========== PIPE ==========
TIME=75
PC          = 00000000
IFID_VALID  = 0
IFID_INSTR  = 00000000
IDEX_PC     = xxxxxxxx
EXMEM_RD    = x
MEMWB_RD    = 0
WB_DATA     = 00000000
redirect    = 0
flush       = 0

========== CSR WRITE ==========
TIME=75
csr_we    = 0
csr_cmd   = 0
csr_addr  = 000
csr_raddr = 000
csr_wdata = 00000000
OLD VALUE = 00000000
UVM_INFO ../UVM_VIP/rv32i_driver.sv(77) @ 75: uvm_test_top.env.agent.driver [DRV] Reset asserted

========== PIPE ==========
TIME=85
PC          = 00000000
IFID_VALID  = 0
IFID_INSTR  = 00000000
IDEX_PC     = xxxxxxxx
EXMEM_RD    = x
MEMWB_RD    = 0
WB_DATA     = 00000000
redirect    = 0
flush       = 0

========== CSR WRITE ==========
TIME=85
csr_we    = 0
csr_cmd   = 0
csr_addr  = 000
csr_raddr = 000
csr_wdata = 00000000
OLD VALUE = 00000000

========== PIPE ==========
TIME=95
PC          = 00000000
IFID_VALID  = 0
IFID_INSTR  = 00000000
IDEX_PC     = xxxxxxxx
EXMEM_RD    = x
MEMWB_RD    = 0
WB_DATA     = 00000000
redirect    = 0
flush       = 0

========== CSR WRITE ==========
TIME=95
csr_we    = 0
csr_cmd   = 0
csr_addr  = 000
csr_raddr = 000
csr_wdata = 00000000
OLD VALUE = 00000000

========== PIPE ==========
TIME=105
PC          = 00000000
IFID_VALID  = 0
IFID_INSTR  = 00000000
IDEX_PC     = xxxxxxxx
EXMEM_RD    = x
MEMWB_RD    = 0
WB_DATA     = 00000000
redirect    = 0
flush       = 0

========== CSR WRITE ==========
TIME=105
csr_we    = 0
csr_cmd   = 0
csr_addr  = 000
csr_raddr = 000
csr_wdata = 00000000
OLD VALUE = 00000000

========== PIPE ==========
TIME=115
PC          = 00000000
IFID_VALID  = 0
IFID_INSTR  = 00000000
IDEX_PC     = xxxxxxxx
EXMEM_RD    = x
MEMWB_RD    = 0
WB_DATA     = 00000000
redirect    = 0
flush       = 0

========== CSR WRITE ==========
TIME=115
csr_we    = 0
csr_cmd   = 0
csr_addr  = 000
csr_raddr = 000
csr_wdata = 00000000
OLD VALUE = 00000000

========== PIPE ==========
TIME=125
PC          = 00000000
IFID_VALID  = 0
IFID_INSTR  = 00000000
IDEX_PC     = xxxxxxxx
EXMEM_RD    = x
MEMWB_RD    = 0
WB_DATA     = 00000000
redirect    = 0
flush       = 0

========== CSR WRITE ==========
TIME=125
csr_we    = 0
csr_cmd   = 0
csr_addr  = 000
csr_raddr = 000
csr_wdata = 00000000
OLD VALUE = 00000000
UVM_INFO ../UVM_VIP/rv32i_driver.sv(77) @ 125: uvm_test_top.env.agent.driver [DRV] Reset asserted

========== PIPE ==========
TIME=135
PC          = 00000000
IFID_VALID  = 0
IFID_INSTR  = 00000000
IDEX_PC     = xxxxxxxx
EXMEM_RD    = x
MEMWB_RD    = 0
WB_DATA     = 00000000
redirect    = 0
flush       = 0

========== CSR WRITE ==========
TIME=135
csr_we    = 0
csr_cmd   = 0
csr_addr  = 000
csr_raddr = 000
csr_wdata = 00000000
OLD VALUE = 00000000

========== PIPE ==========
TIME=145
PC          = 00000000
IFID_VALID  = 0
IFID_INSTR  = 00000000
IDEX_PC     = xxxxxxxx
EXMEM_RD    = x
MEMWB_RD    = 0
WB_DATA     = 00000000
redirect    = 0
flush       = 0

========== CSR WRITE ==========
TIME=145
csr_we    = 0
csr_cmd   = 0
csr_addr  = 000
csr_raddr = 000
csr_wdata = 00000000
OLD VALUE = 00000000

========== PIPE ==========
TIME=155
PC          = 00000000
IFID_VALID  = 0
IFID_INSTR  = 00000000
IDEX_PC     = xxxxxxxx
EXMEM_RD    = x
MEMWB_RD    = 0
WB_DATA     = 00000000
redirect    = 0
flush       = 0

========== CSR WRITE ==========
TIME=155
csr_we    = 0
csr_cmd   = 0
csr_addr  = 000
csr_raddr = 000
csr_wdata = 00000000
OLD VALUE = 00000000

========== PIPE ==========
TIME=165
PC          = 00000000
IFID_VALID  = 0
IFID_INSTR  = 00000000
IDEX_PC     = xxxxxxxx
EXMEM_RD    = x
MEMWB_RD    = 0
WB_DATA     = 00000000
redirect    = 0
flush       = 0

========== CSR WRITE ==========
TIME=165
csr_we    = 0
csr_cmd   = 0
csr_addr  = 000
csr_raddr = 000
csr_wdata = 00000000
OLD VALUE = 00000000

========== PIPE ==========
TIME=175
PC          = 00000000
IFID_VALID  = 0
IFID_INSTR  = 00000000
IDEX_PC     = xxxxxxxx
EXMEM_RD    = x
MEMWB_RD    = 0
WB_DATA     = 00000000
redirect    = 0
flush       = 0

========== CSR WRITE ==========
TIME=175
csr_we    = 0
csr_cmd   = 0
csr_addr  = 000
csr_raddr = 000
csr_wdata = 00000000
OLD VALUE = 00000000
UVM_INFO ../UVM_VIP/rv32i_driver.sv(77) @ 175: uvm_test_top.env.agent.driver [DRV] Reset asserted

========== PIPE ==========
TIME=185
PC          = 00000000
IFID_VALID  = 0
IFID_INSTR  = 00000000
IDEX_PC     = xxxxxxxx
EXMEM_RD    = x
MEMWB_RD    = 0
WB_DATA     = 00000000
redirect    = 0
flush       = 0

========== CSR WRITE ==========
TIME=185
csr_we    = 0
csr_cmd   = 0
csr_addr  = 000
csr_raddr = 000
csr_wdata = 00000000
OLD VALUE = 00000000

========== PIPE ==========
TIME=195
PC          = 00000000
IFID_VALID  = 0
IFID_INSTR  = 00000000
IDEX_PC     = xxxxxxxx
EXMEM_RD    = x
MEMWB_RD    = 0
WB_DATA     = 00000000
redirect    = 0
flush       = 0

========== CSR WRITE ==========
TIME=195
csr_we    = 0
csr_cmd   = 0
csr_addr  = 000
csr_raddr = 000
csr_wdata = 00000000
OLD VALUE = 00000000

========== PIPE ==========
TIME=205
PC          = 00000000
IFID_VALID  = 0
IFID_INSTR  = 00000000
IDEX_PC     = xxxxxxxx
EXMEM_RD    = x
MEMWB_RD    = 0
WB_DATA     = 00000000
redirect    = 0
flush       = 0

========== CSR WRITE ==========
TIME=205
csr_we    = 0
csr_cmd   = 0
csr_addr  = 000
csr_raddr = 000
csr_wdata = 00000000
OLD VALUE = 00000000

========== PIPE ==========
TIME=215
PC          = 00000000
IFID_VALID  = 0
IFID_INSTR  = 00000000
IDEX_PC     = xxxxxxxx
EXMEM_RD    = x
MEMWB_RD    = 0
WB_DATA     = 00000000
redirect    = 0
flush       = 0

========== CSR WRITE ==========
TIME=215
csr_we    = 0
csr_cmd   = 0
csr_addr  = 000
csr_raddr = 000
csr_wdata = 00000000
OLD VALUE = 00000000

========== PIPE ==========
TIME=225
PC          = 00000000
IFID_VALID  = 0
IFID_INSTR  = 00000000
IDEX_PC     = xxxxxxxx
EXMEM_RD    = x
MEMWB_RD    = 0
WB_DATA     = 00000000
redirect    = 0
flush       = 0

========== CSR WRITE ==========
TIME=225
csr_we    = 0
csr_cmd   = 0
csr_addr  = 000
csr_raddr = 000
csr_wdata = 00000000
OLD VALUE = 00000000
UVM_INFO ../UVM_VIP/rv32i_driver.sv(77) @ 225: uvm_test_top.env.agent.driver [DRV] Reset asserted

========== PIPE ==========
TIME=235
PC          = 00000000
IFID_VALID  = 0
IFID_INSTR  = 00000000
IDEX_PC     = xxxxxxxx
EXMEM_RD    = x
MEMWB_RD    = 0
WB_DATA     = 00000000
redirect    = 0
flush       = 0

========== CSR WRITE ==========
TIME=235
csr_we    = 0
csr_cmd   = 0
csr_addr  = 000
csr_raddr = 000
csr_wdata = 00000000
OLD VALUE = 00000000

========== PIPE ==========
TIME=245
PC          = 00000000
IFID_VALID  = 0
IFID_INSTR  = 00000000
IDEX_PC     = xxxxxxxx
EXMEM_RD    = x
MEMWB_RD    = 0
WB_DATA     = 00000000
redirect    = 0
flush       = 0

========== CSR WRITE ==========
TIME=245
csr_we    = 0
csr_cmd   = 0
csr_addr  = 000
csr_raddr = 000
csr_wdata = 00000000
OLD VALUE = 00000000

========== PIPE ==========
TIME=255
PC          = 00000000
IFID_VALID  = 0
IFID_INSTR  = 00000000
IDEX_PC     = xxxxxxxx
EXMEM_RD    = x
MEMWB_RD    = 0
WB_DATA     = 00000000
redirect    = 0
flush       = 0

========== CSR WRITE ==========
TIME=255
csr_we    = 0
csr_cmd   = 0
csr_addr  = 000
csr_raddr = 000
csr_wdata = 00000000
OLD VALUE = 00000000

========== PIPE ==========
TIME=265
PC          = 00000000
IFID_VALID  = 0
IFID_INSTR  = 00000000
IDEX_PC     = xxxxxxxx
EXMEM_RD    = x
MEMWB_RD    = 0
WB_DATA     = 00000000
redirect    = 0
flush       = 0

========== CSR WRITE ==========
TIME=265
csr_we    = 0
csr_cmd   = 0
csr_addr  = 000
csr_raddr = 000
csr_wdata = 00000000
OLD VALUE = 00000000

========== PIPE ==========
TIME=275
PC          = 00000000
IFID_VALID  = 0
IFID_INSTR  = 00000000
IDEX_PC     = xxxxxxxx
EXMEM_RD    = x
MEMWB_RD    = 0
WB_DATA     = 00000000
redirect    = 0
flush       = 0

========== CSR WRITE ==========
TIME=275
csr_we    = 0
csr_cmd   = 0
csr_addr  = 000
csr_raddr = 000
csr_wdata = 00000000
OLD VALUE = 00000000
UVM_INFO ../UVM_VIP/rv32i_driver.sv(77) @ 275: uvm_test_top.env.agent.driver [DRV] Reset asserted
UVM_INFO ../UVM_VIP/rv32i_sequence_lib.sv(252) @ 275: uvm_test_top.env.agent.sequencer@@seq [seq] Reset sequence complete
UVM_INFO ../UVM_VIP/rv32i_driver.sv(83) @ 275: uvm_test_top.env.agent.driver [DRV_LOAD] Loading IMEM[0] = 00500493
PIPE_DBG: t=285 ifid_v=0 idex_v=0 exmem_v=0 memwb_v=0 | idex_rd=x idex_rs1=x idex_rs2=x | exmem_rd=x exmem_rw=x | memwb_rd=0 		    memwb_rw=0 | fwdA=0 fwdB=0

========== CSR WRITE ==========
TIME=285
csr_we    = 0
csr_cmd   = 0
csr_addr  = 000
csr_raddr = 000
csr_wdata = 00000000
OLD VALUE = 00000000
UVM_INFO ../UVM_VIP/rv32i_driver.sv(83) @ 285: uvm_test_top.env.agent.driver [DRV_LOAD] Loading IMEM[1] = 00700513
PIPE_DBG: t=295 ifid_v=0 idex_v=0 exmem_v=0 memwb_v=0 | idex_rd=x idex_rs1=x idex_rs2=x | exmem_rd=x exmem_rw=x | memwb_rd=0 		    memwb_rw=0 | fwdA=0 fwdB=0

========== CSR WRITE ==========
TIME=295
csr_we    = 0
csr_cmd   = 0
csr_addr  = 000
csr_raddr = 000
csr_wdata = 00000000
OLD VALUE = 00000000

========== CSR READ ==========
TIME=295
csr_raddr = 005
csr_rdata = 00000000
UVM_INFO ../UVM_VIP/rv32i_driver.sv(83) @ 295: uvm_test_top.env.agent.driver [DRV_LOAD] Loading IMEM[2] = 009505b3
PIPE_DBG: t=305 ifid_v=1 idex_v=0 exmem_v=0 memwb_v=0 | idex_rd=x idex_rs1=x idex_rs2=x | exmem_rd=x exmem_rw=x | memwb_rd=0 		    memwb_rw=0 | fwdA=0 fwdB=0
========== ID/EX LOAD ==========
IFID_INSTR = 00500493
IMM_EXT    = 00000005
IMM_SRC    = 000
OPCODE     = 13
IDEX_CSR_READ_CAPTURE: instr=00500493 csr_rdata_now=00000000

========== CSR WRITE ==========
TIME=305
csr_we    = 0
csr_cmd   = 0
csr_addr  = 000
csr_raddr = 005
csr_wdata = 00000000
OLD VALUE = 00000000
FWD_DBG: t=305 Rs1E=0 Rs2E=5 RdM=x RdW=0 RWM=x RWW=0 MRM=x -> A=0 B=0
UVM_INFO ../UVM_VIP/rv32i_driver.sv(83) @ 305: uvm_test_top.env.agent.driver [DRV_LOAD] Loading IMEM[3] = 01800093
PIPE_DBG: t=315 ifid_v=0 idex_v=1 exmem_v=0 memwb_v=0 | idex_rd=9 idex_rs1=0 idex_rs2=5 | exmem_rd=x exmem_rw=x | memwb_rd=0 		    memwb_rw=0 | fwdA=0 fwdB=0
EXMEM_RD        = 9
EXMEM_RESULTSRC = 0
EXMEM_CSR_READ_CAPTURE: idex_csr_read_now=00000000

========== CSR WRITE ==========
TIME=315
csr_we    = 0
csr_cmd   = 0
csr_addr  = 000
csr_raddr = 005
csr_wdata = 00000000
OLD VALUE = 00000000
FWD_DBG: t=315 Rs1E=0 Rs2E=5 RdM=9 RdW=0 RWM=1 RWW=0 MRM=0 -> A=0 B=0
UVM_INFO ../UVM_VIP/rv32i_driver.sv(83) @ 315: uvm_test_top.env.agent.driver [DRV_LOAD] Loading IMEM[4] = 30509073
PIPE_DBG: t=325 ifid_v=0 idex_v=0 exmem_v=1 memwb_v=0 | idex_rd=9 idex_rs1=0 idex_rs2=5 | exmem_rd=9 exmem_rw=1 | memwb_rd=0 		    memwb_rw=0 | fwdA=0 fwdB=0
EXMEM : rd=9 pc4=00000004 alu=00000005 resultsrc=0
MEMWB_RD        = 9
MEMWB_RESULTSRC = 0
MEMWB_WDATA     = 00000000

========== CSR WRITE ==========
TIME=325
csr_we    = 0
csr_cmd   = 0
csr_addr  = 000
csr_raddr = 005
csr_wdata = 00000000
OLD VALUE = 00000000

========== CSR READ ==========
TIME=325
csr_raddr = 007
csr_rdata = 00000000
FWD_DBG: t=325 Rs1E=0 Rs2E=5 RdM=9 RdW=9 RWM=1 RWW=1 MRM=0 -> A=0 B=0
UVM_INFO ../UVM_VIP/rv32i_driver.sv(83) @ 325: uvm_test_top.env.agent.driver [DRV_LOAD] Loading IMEM[5] = 0140006f
PIPE_DBG: t=335 ifid_v=1 idex_v=0 exmem_v=0 memwb_v=1 | idex_rd=9 idex_rs1=0 idex_rs2=5 | exmem_rd=9 exmem_rw=1 | memwb_rd=9 		    memwb_rw=1 | fwdA=0 fwdB=0
WB : rd=9 wdata=00000005 resultsrc=0
====================================
TIME=335
Instruction = 00700513
IDEX_PC      = 00000000
IDEX_RV1     = 00000000
IDEX_RV2     = 00000000
IDEX_IMM     = 00000005
ALU_A        = 00000000
ALU_B        = 00000005
ALU_CTRL     = 0
ALU_RES      = 00000005
========== ID/EX LOAD ==========
IFID_INSTR = 00700513
IMM_EXT    = 00000007
IMM_SRC    = 000
OPCODE     = 13
IDEX_CSR_READ_CAPTURE: instr=00700513 csr_rdata_now=00000000

========== CSR WRITE ==========
TIME=335
csr_we    = 0
csr_cmd   = 0
csr_addr  = 005
csr_raddr = 007
csr_wdata = 00000000
OLD VALUE = 00000000
FWD_DBG: t=335 Rs1E=0 Rs2E=7 RdM=9 RdW=9 RWM=1 RWW=1 MRM=0 -> A=0 B=0
UVM_INFO ../UVM_VIP/rv32i_driver.sv(83) @ 335: uvm_test_top.env.agent.driver [DRV_LOAD] Loading IMEM[6] = 34102173
PIPE_DBG: t=345 ifid_v=0 idex_v=1 exmem_v=0 memwb_v=0 | idex_rd=10 idex_rs1=0 idex_rs2=7 | exmem_rd=9 exmem_rw=1 | memwb_rd=9 		    memwb_rw=1 | fwdA=0 fwdB=0
EXMEM_RD        = 10
EXMEM_RESULTSRC = 0
EXMEM_CSR_READ_CAPTURE: idex_csr_read_now=00000000

========== CSR WRITE ==========
TIME=345
csr_we    = 0
csr_cmd   = 0
csr_addr  = 005
csr_raddr = 007
csr_wdata = 00000000
OLD VALUE = 00000000
FWD_DBG: t=345 Rs1E=0 Rs2E=7 RdM=10 RdW=9 RWM=1 RWW=1 MRM=0 -> A=0 B=0
UVM_INFO ../UVM_VIP/rv32i_driver.sv(83) @ 345: uvm_test_top.env.agent.driver [DRV_LOAD] Loading IMEM[7] = 00410113
PIPE_DBG: t=355 ifid_v=0 idex_v=0 exmem_v=1 memwb_v=0 | idex_rd=10 idex_rs1=0 idex_rs2=7 | exmem_rd=10 exmem_rw=1 | memwb_rd=9 		    memwb_rw=1 | fwdA=0 fwdB=0
EXMEM : rd=10 pc4=00000008 alu=00000007 resultsrc=0
MEMWB_RD        = 10
MEMWB_RESULTSRC = 0
MEMWB_WDATA     = 00000005

========== CSR WRITE ==========
TIME=355
csr_we    = 0
csr_cmd   = 0
csr_addr  = 005
csr_raddr = 007
csr_wdata = 00000000
OLD VALUE = 00000000

========== CSR READ ==========
TIME=355
csr_raddr = 009
csr_rdata = 00000000
FWD_DBG: t=355 Rs1E=0 Rs2E=7 RdM=10 RdW=10 RWM=1 RWW=1 MRM=0 -> A=0 B=0
UVM_INFO ../UVM_VIP/rv32i_driver.sv(83) @ 355: uvm_test_top.env.agent.driver [DRV_LOAD] Loading IMEM[8] = 34111073
PIPE_DBG: t=365 ifid_v=1 idex_v=0 exmem_v=0 memwb_v=1 | idex_rd=10 idex_rs1=0 idex_rs2=7 | exmem_rd=10 exmem_rw=1 | memwb_rd=10 		    memwb_rw=1 | fwdA=0 fwdB=0
WB : rd=10 wdata=00000007 resultsrc=0
====================================
TIME=365
Instruction = 009505b3
IDEX_PC      = 00000004
IDEX_RV1     = 00000000
IDEX_RV2     = 00000000
IDEX_IMM     = 00000007
ALU_A        = 00000000
ALU_B        = 00000007
ALU_CTRL     = 0
ALU_RES      = 00000007
========== ID/EX LOAD ==========
IFID_INSTR = 009505b3
IMM_EXT    = 00000009
IMM_SRC    = 000
OPCODE     = 33
IDEX_CSR_READ_CAPTURE: instr=009505b3 csr_rdata_now=00000000

========== CSR WRITE ==========
TIME=365
csr_we    = 0
csr_cmd   = 0
csr_addr  = 007
csr_raddr = 009
csr_wdata = 00000000
OLD VALUE = 00000000
FWD_DBG: t=365 Rs1E=10 Rs2E=9 RdM=10 RdW=10 RWM=1 RWW=1 MRM=0 -> A=2 B=0
UVM_INFO ../UVM_VIP/rv32i_driver.sv(83) @ 365: uvm_test_top.env.agent.driver [DRV_LOAD] Loading IMEM[9] = 30200073
PIPE_DBG: t=375 ifid_v=0 idex_v=1 exmem_v=0 memwb_v=0 | idex_rd=11 idex_rs1=10 idex_rs2=9 | exmem_rd=10 exmem_rw=1 | memwb_rd=10 		    memwb_rw=1 | fwdA=2 fwdB=0
EXMEM_RD        = 11
EXMEM_RESULTSRC = 0
EXMEM_CSR_READ_CAPTURE: idex_csr_read_now=00000000

========== CSR WRITE ==========
TIME=375
csr_we    = 0
csr_cmd   = 0
csr_addr  = 007
csr_raddr = 009
csr_wdata = 00000000
OLD VALUE = 00000000
FWD_DBG: t=375 Rs1E=10 Rs2E=9 RdM=11 RdW=10 RWM=1 RWW=1 MRM=0 -> A=1 B=0
UVM_INFO ../UVM_VIP/rv32i_driver.sv(83) @ 375: uvm_test_top.env.agent.driver [DRV_LOAD] Loading IMEM[10] = 00f00e13
PIPE_DBG: t=385 ifid_v=0 idex_v=0 exmem_v=1 memwb_v=0 | idex_rd=11 idex_rs1=10 idex_rs2=9 | exmem_rd=11 exmem_rw=1 | memwb_rd=10 		    memwb_rw=1 | fwdA=1 fwdB=0
EXMEM : rd=11 pc4=0000000c alu=0000000c resultsrc=0
MEMWB_RD        = 11
MEMWB_RESULTSRC = 0
MEMWB_WDATA     = 00000007

========== CSR WRITE ==========
TIME=385
csr_we    = 0
csr_cmd   = 0
csr_addr  = 007
csr_raddr = 009
csr_wdata = 00000000
OLD VALUE = 00000000

========== CSR READ ==========
TIME=385
csr_raddr = 018
csr_rdata = 00000000
FWD_DBG: t=385 Rs1E=10 Rs2E=9 RdM=11 RdW=11 RWM=1 RWW=1 MRM=0 -> A=0 B=0
UVM_INFO ../UVM_VIP/rv32i_driver.sv(83) @ 385: uvm_test_top.env.agent.driver [DRV_LOAD] Loading IMEM[11] = 01900e93
PIPE_DBG: t=395 ifid_v=1 idex_v=0 exmem_v=0 memwb_v=1 | idex_rd=11 idex_rs1=10 idex_rs2=9 | exmem_rd=11 exmem_rw=1 | memwb_rd=11 		    memwb_rw=1 | fwdA=0 fwdB=0
WB : rd=11 wdata=0000000c resultsrc=0
====================================
TIME=395
Instruction = 01800093
IDEX_PC      = 00000008
IDEX_RV1     = 00000000
IDEX_RV2     = 00000005
IDEX_IMM     = 00000009
ALU_A        = 00000000
ALU_B        = 00000005
ALU_CTRL     = 0
ALU_RES      = 00000005
========== ID/EX LOAD ==========
IFID_INSTR = 01800093
IMM_EXT    = 00000018
IMM_SRC    = 000
OPCODE     = 13
IDEX_CSR_READ_CAPTURE: instr=01800093 csr_rdata_now=00000000

========== CSR WRITE ==========
TIME=395
csr_we    = 0
csr_cmd   = 0
csr_addr  = 009
csr_raddr = 018
csr_wdata = 00000007
OLD VALUE = 00000000
FWD_DBG: t=395 Rs1E=0 Rs2E=24 RdM=11 RdW=11 RWM=1 RWW=1 MRM=0 -> A=0 B=0
UVM_INFO ../UVM_VIP/rv32i_driver.sv(83) @ 395: uvm_test_top.env.agent.driver [DRV_LOAD] Loading IMEM[12] = 01ce8033
PIPE_DBG: t=405 ifid_v=0 idex_v=1 exmem_v=0 memwb_v=0 | idex_rd=1 idex_rs1=0 idex_rs2=24 | exmem_rd=11 exmem_rw=1 | memwb_rd=11 		    memwb_rw=1 | fwdA=0 fwdB=0
EXMEM_RD        = 1
EXMEM_RESULTSRC = 0
EXMEM_CSR_READ_CAPTURE: idex_csr_read_now=00000000

========== CSR WRITE ==========
TIME=405
csr_we    = 0
csr_cmd   = 0
csr_addr  = 009
csr_raddr = 018
csr_wdata = 00000007
OLD VALUE = 00000000
FWD_DBG: t=405 Rs1E=0 Rs2E=24 RdM=1 RdW=11 RWM=1 RWW=1 MRM=0 -> A=0 B=0
UVM_INFO ../UVM_VIP/rv32i_driver.sv(83) @ 405: uvm_test_top.env.agent.driver [DRV_LOAD] Loading IMEM[13] = ffffffff
PIPE_DBG: t=415 ifid_v=0 idex_v=0 exmem_v=1 memwb_v=0 | idex_rd=1 idex_rs1=0 idex_rs2=24 | exmem_rd=1 exmem_rw=1 | memwb_rd=11 		    memwb_rw=1 | fwdA=0 fwdB=0
EXMEM : rd=1 pc4=00000010 alu=00000018 resultsrc=0
MEMWB_RD        = 1
MEMWB_RESULTSRC = 0
MEMWB_WDATA     = 0000000c

========== CSR WRITE ==========
TIME=415
csr_we    = 0
csr_cmd   = 0
csr_addr  = 009
csr_raddr = 018
csr_wdata = 00000007
OLD VALUE = 00000000

========== CSR READ ==========
TIME=415
csr_raddr = 305
csr_rdata = 00000000
FWD_DBG: t=415 Rs1E=0 Rs2E=24 RdM=1 RdW=1 RWM=1 RWW=1 MRM=0 -> A=0 B=0
UVM_INFO ../UVM_VIP/rv32i_driver.sv(83) @ 415: uvm_test_top.env.agent.driver [DRV_LOAD] Loading IMEM[14] = 00100113
PIPE_DBG: t=425 ifid_v=1 idex_v=0 exmem_v=0 memwb_v=1 | idex_rd=1 idex_rs1=0 idex_rs2=24 | exmem_rd=1 exmem_rw=1 | memwb_rd=1 		    memwb_rw=1 | fwdA=0 fwdB=0
WB : rd=1 wdata=00000018 resultsrc=0
====================================
TIME=425
Instruction = 30509073
IDEX_PC      = 0000000c
IDEX_RV1     = 00000000
IDEX_RV2     = 00000000
IDEX_IMM     = 00000018
ALU_A        = 00000000
ALU_B        = 00000018
ALU_CTRL     = 0
ALU_RES      = 00000018
========== ID/EX LOAD ==========
IFID_INSTR = 30509073
IMM_EXT    = 00000305
IMM_SRC    = 000
OPCODE     = 73
IDEX_CSR_READ_CAPTURE: instr=30509073 csr_rdata_now=00000000

========== CSR WRITE ==========
TIME=425
csr_we    = 0
csr_cmd   = 0
csr_addr  = 018
csr_raddr = 305
csr_wdata = 00000000
OLD VALUE = 00000000
FWD_DBG: t=425 Rs1E=1 Rs2E=5 RdM=1 RdW=1 RWM=1 RWW=1 MRM=0 -> A=2 B=0
UVM_INFO ../UVM_VIP/rv32i_driver.sv(83) @ 425: uvm_test_top.env.agent.driver [DRV_LOAD] Loading IMEM[15] = 00212023
PIPE_DBG: t=435 ifid_v=0 idex_v=1 exmem_v=0 memwb_v=0 | idex_rd=0 idex_rs1=1 idex_rs2=5 | exmem_rd=1 exmem_rw=1 | memwb_rd=1 		    memwb_rw=1 | fwdA=2 fwdB=0
EXMEM_RD        = 0
EXMEM_RESULTSRC = 3
EXMEM_CSR_READ_CAPTURE: idex_csr_read_now=00000000

========== CSR WRITE ==========
TIME=435
csr_we    = 0
csr_cmd   = 0
csr_addr  = 018
csr_raddr = 305
csr_wdata = 00000000
OLD VALUE = 00000000
FWD_DBG: t=435 Rs1E=1 Rs2E=5 RdM=0 RdW=1 RWM=1 RWW=1 MRM=0 -> A=1 B=0
UVM_INFO ../UVM_VIP/rv32i_driver.sv(83) @ 435: uvm_test_top.env.agent.driver [DRV_LOAD] Loading IMEM[16] = 00000013
PIPE_DBG: t=445 ifid_v=0 idex_v=0 exmem_v=1 memwb_v=0 | idex_rd=0 idex_rs1=1 idex_rs2=5 | exmem_rd=0 exmem_rw=1 | memwb_rd=1 		    memwb_rw=1 | fwdA=1 fwdB=0
EXMEM : rd=0 pc4=00000014 alu=00000018 resultsrc=3
MEMWB_RD        = 0
MEMWB_RESULTSRC = 3
MEMWB_WDATA     = 00000018

========== CSR WRITE ==========
TIME=445
csr_we    = 0
csr_cmd   = 0
csr_addr  = 018
csr_raddr = 305
csr_wdata = 00000000
OLD VALUE = 00000000

========== CSR READ ==========
TIME=445
csr_raddr = 014
csr_rdata = 00000000
FWD_DBG: t=445 Rs1E=1 Rs2E=5 RdM=0 RdW=0 RWM=1 RWW=1 MRM=0 -> A=0 B=0
UVM_INFO ../UVM_VIP/rv32i_driver.sv(83) @ 445: uvm_test_top.env.agent.driver [DRV_LOAD] Loading IMEM[17] = 00000013
PIPE_DBG: t=455 ifid_v=1 idex_v=0 exmem_v=0 memwb_v=1 | idex_rd=0 idex_rs1=1 idex_rs2=5 | exmem_rd=0 exmem_rw=1 | memwb_rd=0 		    memwb_rw=1 | fwdA=0 fwdB=0
WB : rd=0 wdata=00000000 resultsrc=3
====================================
TIME=455
Instruction = 0140006f
IDEX_PC      = 00000010
IDEX_RV1     = 00000000
IDEX_RV2     = 00000000
IDEX_IMM     = 00000305
ALU_A        = 00000000
ALU_B        = 00000000
ALU_CTRL     = 0
ALU_RES      = 00000000
========== ID/EX LOAD ==========
IFID_INSTR = 0140006f
IMM_EXT    = 00000014
IMM_SRC    = 100
OPCODE     = 6f
IDEX_CSR_READ_CAPTURE: instr=0140006f csr_rdata_now=00000000

========== CSR WRITE ==========
TIME=455
csr_we    = 1
csr_cmd   = 1
csr_addr  = 305
csr_raddr = 014
csr_wdata = 00000018
OLD VALUE = 00000000
FWD_DBG: t=455 Rs1E=0 Rs2E=20 RdM=0 RdW=0 RWM=1 RWW=1 MRM=0 -> A=0 B=0

========== CSR READ ==========
TIME=455
csr_raddr = 014
csr_rdata = 00000000
UVM_INFO ../UVM_VIP/rv32i_driver.sv(83) @ 455: uvm_test_top.env.agent.driver [DRV_LOAD] Loading IMEM[18] = 00000013
PIPE_DBG: t=465 ifid_v=0 idex_v=1 exmem_v=0 memwb_v=0 | idex_rd=0 idex_rs1=0 idex_rs2=20 | exmem_rd=0 exmem_rw=1 | memwb_rd=0 		    memwb_rw=1 | fwdA=0 fwdB=0
EXMEM_RD        = 0
EXMEM_RESULTSRC = 2
EXMEM_CSR_READ_CAPTURE: idex_csr_read_now=00000000

========== CSR WRITE ==========
TIME=465
csr_we    = 0
csr_cmd   = 1
csr_addr  = 305
csr_raddr = 014
csr_wdata = 00000018
OLD VALUE = 00000018
UVM_INFO ../UVM_VIP/rv32i_driver.sv(83) @ 465: uvm_test_top.env.agent.driver [DRV_LOAD] Loading IMEM[19] = 00000013
PIPE_DBG: t=475 ifid_v=0 idex_v=0 exmem_v=1 memwb_v=0 | idex_rd=0 idex_rs1=0 idex_rs2=20 | exmem_rd=0 exmem_rw=1 | memwb_rd=0 		    memwb_rw=1 | fwdA=0 fwdB=0
EXMEM : rd=0 pc4=00000018 alu=00000014 resultsrc=2
MEMWB_RD        = 0
MEMWB_RESULTSRC = 2
MEMWB_WDATA     = 00000000

========== CSR WRITE ==========
TIME=475
csr_we    = 0
csr_cmd   = 1
csr_addr  = 305
csr_raddr = 014
csr_wdata = 00000018
OLD VALUE = 00000018
UVM_INFO ../UVM_VIP/rv32i_driver.sv(83) @ 475: uvm_test_top.env.agent.driver [DRV_LOAD] Loading IMEM[20] = 03200d13
PIPE_DBG: t=485 ifid_v=0 idex_v=0 exmem_v=0 memwb_v=1 | idex_rd=0 idex_rs1=0 idex_rs2=20 | exmem_rd=0 exmem_rw=1 | memwb_rd=0 		    memwb_rw=1 | fwdA=0 fwdB=0
WB : rd=0 wdata=00000018 resultsrc=2
====================================
TIME=485
Instruction = 0140006f
IDEX_PC      = 00000014
IDEX_RV1     = 00000000
IDEX_RV2     = 00000000
IDEX_IMM     = 00000014
ALU_A        = 00000014
ALU_B        = 00000000
ALU_CTRL     = 0
ALU_RES      = 00000014

========== CSR WRITE ==========
TIME=485
csr_we    = 0
csr_cmd   = 0
csr_addr  = 014
csr_raddr = 014
csr_wdata = 00000000
OLD VALUE = 00000000

========== CSR READ ==========
TIME=485
csr_raddr = 00f
csr_rdata = 00000000
UVM_INFO ../UVM_VIP/rv32i_driver.sv(83) @ 485: uvm_test_top.env.agent.driver [DRV_LOAD] Loading IMEM[21] = 03c00d93
PIPE_DBG: t=495 ifid_v=1 idex_v=0 exmem_v=0 memwb_v=0 | idex_rd=0 idex_rs1=0 idex_rs2=20 | exmem_rd=0 exmem_rw=1 | memwb_rd=0 		    memwb_rw=1 | fwdA=0 fwdB=0
========== ID/EX LOAD ==========
IFID_INSTR = 00f00e13
IMM_EXT    = 0000000f
IMM_SRC    = 000
OPCODE     = 13
IDEX_CSR_READ_CAPTURE: instr=00f00e13 csr_rdata_now=00000000

========== CSR WRITE ==========
TIME=495
csr_we    = 0
csr_cmd   = 0
csr_addr  = 014
csr_raddr = 00f
csr_wdata = 00000000
OLD VALUE = 00000000
FWD_DBG: t=495 Rs1E=0 Rs2E=15 RdM=0 RdW=0 RWM=1 RWW=1 MRM=0 -> A=0 B=0
UVM_INFO ../UVM_VIP/rv32i_driver.sv(83) @ 495: uvm_test_top.env.agent.driver [DRV_LOAD] Loading IMEM[22] = 01ad8033
PIPE_DBG: t=505 ifid_v=0 idex_v=1 exmem_v=0 memwb_v=0 | idex_rd=28 idex_rs1=0 idex_rs2=15 | exmem_rd=0 exmem_rw=1 | memwb_rd=0 		    memwb_rw=1 | fwdA=0 fwdB=0
EXMEM_RD        = 28
EXMEM_RESULTSRC = 0
EXMEM_CSR_READ_CAPTURE: idex_csr_read_now=00000000

========== CSR WRITE ==========
TIME=505
csr_we    = 0
csr_cmd   = 0
csr_addr  = 014
csr_raddr = 00f
csr_wdata = 00000000
OLD VALUE = 00000000
FWD_DBG: t=505 Rs1E=0 Rs2E=15 RdM=28 RdW=0 RWM=1 RWW=1 MRM=0 -> A=0 B=0
UVM_INFO ../UVM_VIP/rv32i_driver.sv(83) @ 505: uvm_test_top.env.agent.driver [DRV_LOAD] Loading IMEM[23] = 00000013
PIPE_DBG: t=515 ifid_v=0 idex_v=0 exmem_v=1 memwb_v=0 | idex_rd=28 idex_rs1=0 idex_rs2=15 | exmem_rd=28 exmem_rw=1 | memwb_rd=0 		    memwb_rw=1 | fwdA=0 fwdB=0
EXMEM : rd=28 pc4=0000002c alu=0000000f resultsrc=0
MEMWB_RD        = 28
MEMWB_RESULTSRC = 0
MEMWB_WDATA     = 00000018

========== CSR WRITE ==========
TIME=515
csr_we    = 0
csr_cmd   = 0
csr_addr  = 014
csr_raddr = 00f
csr_wdata = 00000000
OLD VALUE = 00000000

========== CSR READ ==========
TIME=515
csr_raddr = 019
csr_rdata = 00000000
FWD_DBG: t=515 Rs1E=0 Rs2E=15 RdM=28 RdW=28 RWM=1 RWW=1 MRM=0 -> A=0 B=0
UVM_INFO ../UVM_VIP/rv32i_driver.sv(83) @ 515: uvm_test_top.env.agent.driver [DRV_LOAD] Loading IMEM[24] = 00500093
PIPE_DBG: t=525 ifid_v=1 idex_v=0 exmem_v=0 memwb_v=1 | idex_rd=28 idex_rs1=0 idex_rs2=15 | exmem_rd=28 exmem_rw=1 | memwb_rd=28 		    memwb_rw=1 | fwdA=0 fwdB=0
WB : rd=28 wdata=0000000f resultsrc=0
====================================
TIME=525
Instruction = 01900e93
IDEX_PC      = 00000028
IDEX_RV1     = 00000000
IDEX_RV2     = 00000000
IDEX_IMM     = 0000000f
ALU_A        = 00000000
ALU_B        = 0000000f
ALU_CTRL     = 0
ALU_RES      = 0000000f
========== ID/EX LOAD ==========
IFID_INSTR = 01900e93
IMM_EXT    = 00000019
IMM_SRC    = 000
OPCODE     = 13
IDEX_CSR_READ_CAPTURE: instr=01900e93 csr_rdata_now=00000000

========== CSR WRITE ==========
TIME=525
csr_we    = 0
csr_cmd   = 0
csr_addr  = 00f
csr_raddr = 019
csr_wdata = 00000000
OLD VALUE = 00000000
FWD_DBG: t=525 Rs1E=0 Rs2E=25 RdM=28 RdW=28 RWM=1 RWW=1 MRM=0 -> A=0 B=0
UVM_INFO ../UVM_VIP/rv32i_driver.sv(83) @ 525: uvm_test_top.env.agent.driver [DRV_LOAD] Loading IMEM[25] = 00700113
PIPE_DBG: t=535 ifid_v=0 idex_v=1 exmem_v=0 memwb_v=0 | idex_rd=29 idex_rs1=0 idex_rs2=25 | exmem_rd=28 exmem_rw=1 | memwb_rd=28 		    memwb_rw=1 | fwdA=0 fwdB=0
EXMEM_RD        = 29
EXMEM_RESULTSRC = 0
EXMEM_CSR_READ_CAPTURE: idex_csr_read_now=00000000

========== CSR WRITE ==========
TIME=535
csr_we    = 0
csr_cmd   = 0
csr_addr  = 00f
csr_raddr = 019
csr_wdata = 00000000
OLD VALUE = 00000000
FWD_DBG: t=535 Rs1E=0 Rs2E=25 RdM=29 RdW=28 RWM=1 RWW=1 MRM=0 -> A=0 B=0
UVM_INFO ../UVM_VIP/rv32i_driver.sv(83) @ 535: uvm_test_top.env.agent.driver [DRV_LOAD] Loading IMEM[26] = 00a00193
PIPE_DBG: t=545 ifid_v=0 idex_v=0 exmem_v=1 memwb_v=0 | idex_rd=29 idex_rs1=0 idex_rs2=25 | exmem_rd=29 exmem_rw=1 | memwb_rd=28 		    memwb_rw=1 | fwdA=0 fwdB=0
EXMEM : rd=29 pc4=00000030 alu=00000019 resultsrc=0
MEMWB_RD        = 29
MEMWB_RESULTSRC = 0
MEMWB_WDATA     = 0000000f

========== CSR WRITE ==========
TIME=545
csr_we    = 0
csr_cmd   = 0
csr_addr  = 00f
csr_raddr = 019
csr_wdata = 00000000
OLD VALUE = 00000000

========== CSR READ ==========
TIME=545
csr_raddr = 01c
csr_rdata = 00000000
FWD_DBG: t=545 Rs1E=0 Rs2E=25 RdM=29 RdW=29 RWM=1 RWW=1 MRM=0 -> A=0 B=0
UVM_INFO ../UVM_VIP/rv32i_driver.sv(83) @ 545: uvm_test_top.env.agent.driver [DRV_LOAD] Loading IMEM[27] = 00208463
PIPE_DBG: t=555 ifid_v=1 idex_v=0 exmem_v=0 memwb_v=1 | idex_rd=29 idex_rs1=0 idex_rs2=25 | exmem_rd=29 exmem_rw=1 | memwb_rd=29 		    memwb_rw=1 | fwdA=0 fwdB=0
WB : rd=29 wdata=00000019 resultsrc=0
====================================
TIME=555
Instruction = 01ce8033
IDEX_PC      = 0000002c
IDEX_RV1     = 00000000
IDEX_RV2     = 00000000
IDEX_IMM     = 00000019
ALU_A        = 00000000
ALU_B        = 00000019
ALU_CTRL     = 0
ALU_RES      = 00000019
========== ID/EX LOAD ==========
IFID_INSTR = 01ce8033
IMM_EXT    = 0000001c
IMM_SRC    = 000
OPCODE     = 33
IDEX_CSR_READ_CAPTURE: instr=01ce8033 csr_rdata_now=00000000

========== CSR WRITE ==========
TIME=555
csr_we    = 0
csr_cmd   = 0
csr_addr  = 019
csr_raddr = 01c
csr_wdata = 00000000
OLD VALUE = 00000000
FWD_DBG: t=555 Rs1E=29 Rs2E=28 RdM=29 RdW=29 RWM=1 RWW=1 MRM=0 -> A=2 B=0
UVM_INFO ../UVM_VIP/rv32i_driver.sv(83) @ 555: uvm_test_top.env.agent.driver [DRV_LOAD] Loading IMEM[28] = 06f00a13
PIPE_DBG: t=565 ifid_v=0 idex_v=1 exmem_v=0 memwb_v=0 | idex_rd=0 idex_rs1=29 idex_rs2=28 | exmem_rd=29 exmem_rw=1 | memwb_rd=29 		    memwb_rw=1 | fwdA=2 fwdB=0
EXMEM_RD        = 0
EXMEM_RESULTSRC = 0
EXMEM_CSR_READ_CAPTURE: idex_csr_read_now=00000000

========== CSR WRITE ==========
TIME=565
csr_we    = 0
csr_cmd   = 0
csr_addr  = 019
csr_raddr = 01c
csr_wdata = 00000000
OLD VALUE = 00000000
FWD_DBG: t=565 Rs1E=29 Rs2E=28 RdM=0 RdW=29 RWM=1 RWW=1 MRM=0 -> A=1 B=0
UVM_INFO ../UVM_VIP/rv32i_driver.sv(83) @ 565: uvm_test_top.env.agent.driver [DRV_LOAD] Loading IMEM[29] = 00000013
PIPE_DBG: t=575 ifid_v=0 idex_v=0 exmem_v=1 memwb_v=0 | idex_rd=0 idex_rs1=29 idex_rs2=28 | exmem_rd=0 exmem_rw=1 | memwb_rd=29 		    memwb_rw=1 | fwdA=1 fwdB=0
EXMEM : rd=0 pc4=00000034 alu=00000028 resultsrc=0
MEMWB_RD        = 0
MEMWB_RESULTSRC = 0
MEMWB_WDATA     = 00000019

========== CSR WRITE ==========
TIME=575
csr_we    = 0
csr_cmd   = 0
csr_addr  = 019
csr_raddr = 01c
csr_wdata = 00000000
OLD VALUE = 00000000

========== CSR READ ==========
TIME=575
csr_raddr = fff
csr_rdata = 00000000
FWD_DBG: t=575 Rs1E=29 Rs2E=28 RdM=0 RdW=0 RWM=1 RWW=1 MRM=0 -> A=0 B=0
UVM_INFO ../UVM_VIP/rv32i_driver.sv(83) @ 575: uvm_test_top.env.agent.driver [DRV_LOAD] Loading IMEM[30] = 00209463
PIPE_DBG: t=585 ifid_v=1 idex_v=0 exmem_v=0 memwb_v=1 | idex_rd=0 idex_rs1=29 idex_rs2=28 | exmem_rd=0 exmem_rw=1 | memwb_rd=0 		    memwb_rw=1 | fwdA=0 fwdB=0
WB : rd=0 wdata=00000028 resultsrc=0
====================================
TIME=585
Instruction = ffffffff
IDEX_PC      = 00000030
IDEX_RV1     = 00000000
IDEX_RV2     = 0000000f
IDEX_IMM     = 0000001c
ALU_A        = 00000000
ALU_B        = 0000000f
ALU_CTRL     = 0
ALU_RES      = 0000000f
========== ID/EX LOAD ==========
IFID_INSTR = ffffffff
IMM_EXT    = ffffffff
IMM_SRC    = 000
OPCODE     = 7f
IDEX_CSR_READ_CAPTURE: instr=ffffffff csr_rdata_now=00000000

========== CSR WRITE ==========
TIME=585
csr_we    = 0
csr_cmd   = 0
csr_addr  = 01c
csr_raddr = fff
csr_wdata = 00000019
OLD VALUE = 00000000
FWD_DBG: t=585 Rs1E=31 Rs2E=31 RdM=0 RdW=0 RWM=1 RWW=1 MRM=0 -> A=0 B=0
UVM_INFO ../UVM_VIP/rv32i_driver.sv(83) @ 585: uvm_test_top.env.agent.driver [DRV_LOAD] Loading IMEM[31] = 0de00a93
PIPE_DBG: t=595 ifid_v=0 idex_v=1 exmem_v=0 memwb_v=0 | idex_rd=31 idex_rs1=31 idex_rs2=31 | exmem_rd=0 exmem_rw=1 | memwb_rd=0 		    memwb_rw=1 | fwdA=0 fwdB=0
EXMEM_RD        = 31
EXMEM_RESULTSRC = 0
EXMEM_CSR_READ_CAPTURE: idex_csr_read_now=00000000

========== CSR WRITE ==========
TIME=595
csr_we    = 0
csr_cmd   = 0
csr_addr  = 01c
csr_raddr = fff
csr_wdata = 00000019
OLD VALUE = 00000000
FWD_DBG: t=595 Rs1E=31 Rs2E=31 RdM=31 RdW=0 RWM=0 RWW=1 MRM=0 -> A=0 B=0

========== CSR READ ==========
TIME=595
csr_raddr = fff
csr_rdata = 00000000
UVM_INFO ../UVM_VIP/rv32i_monitor.sv(183) @ 595: uvm_test_top.env.agent.monitor [MON] [60] TRAP: cause=0x00000002
UVM_INFO ../UVM_VIP/rv32i_scoreboard.sv(199) @ 595: uvm_test_top.env.scoreboard [SB_TRAP] Trap detected: cause=0x00000002
UVM_INFO ../UVM_VIP/rv32i_driver.sv(83) @ 595: uvm_test_top.env.agent.driver [DRV_LOAD] Loading IMEM[32] = 00000013
PIPE_DBG: t=605 ifid_v=0 idex_v=0 exmem_v=1 memwb_v=0 | idex_rd=31 idex_rs1=31 idex_rs2=31 | exmem_rd=31 exmem_rw=0 | memwb_rd=0 		    memwb_rw=1 | fwdA=0 fwdB=0
EXMEM : rd=31 pc4=00000038 alu=00000000 resultsrc=0
MEMWB_RD        = 31
MEMWB_RESULTSRC = 0
MEMWB_WDATA     = 00000028

========== CSR WRITE ==========
TIME=605
csr_we    = 0
csr_cmd   = 0
csr_addr  = 01c
csr_raddr = fff
csr_wdata = 00000019
OLD VALUE = 00000000
FWD_DBG: t=605 Rs1E=31 Rs2E=31 RdM=31 RdW=31 RWM=0 RWW=0 MRM=0 -> A=0 B=0
UVM_INFO ../UVM_VIP/rv32i_driver.sv(83) @ 605: uvm_test_top.env.agent.driver [DRV_LOAD] Loading IMEM[33] = 0011c463
PIPE_DBG: t=615 ifid_v=0 idex_v=0 exmem_v=0 memwb_v=1 | idex_rd=31 idex_rs1=31 idex_rs2=31 | exmem_rd=31 exmem_rw=0 | memwb_rd=31 		    memwb_rw=0 | fwdA=0 fwdB=0
WB : rd=31 wdata=00000000 resultsrc=0
====================================
TIME=615
Instruction = ffffffff
IDEX_PC      = 00000034
IDEX_RV1     = 00000000
IDEX_RV2     = 00000000
IDEX_IMM     = ffffffff
ALU_A        = 00000000
ALU_B        = 00000000
ALU_CTRL     = 0
ALU_RES      = 00000000

========== CSR WRITE ==========
TIME=615
csr_we    = 0
csr_cmd   = 0
csr_addr  = fff
csr_raddr = fff
csr_wdata = 0000001f
OLD VALUE = 00000000

========== CSR READ ==========
TIME=615
csr_raddr = 341
csr_rdata = 00000034
UVM_INFO ../UVM_VIP/rv32i_driver.sv(83) @ 615: uvm_test_top.env.agent.driver [DRV_LOAD] Loading IMEM[34] = 06f00b13
PIPE_DBG: t=625 ifid_v=1 idex_v=0 exmem_v=0 memwb_v=0 | idex_rd=31 idex_rs1=31 idex_rs2=31 | exmem_rd=31 exmem_rw=0 | memwb_rd=31 		    memwb_rw=0 | fwdA=0 fwdB=0
========== ID/EX LOAD ==========
IFID_INSTR = 34102173
IMM_EXT    = 00000341
IMM_SRC    = 000
OPCODE     = 73
IDEX_CSR_READ_CAPTURE: instr=34102173 csr_rdata_now=00000034

========== CSR WRITE ==========
TIME=625
csr_we    = 0
csr_cmd   = 0
csr_addr  = fff
csr_raddr = 341
csr_wdata = 0000001f
OLD VALUE = 00000000
FWD_DBG: t=625 Rs1E=0 Rs2E=1 RdM=31 RdW=31 RWM=0 RWW=0 MRM=0 -> A=0 B=0
UVM_INFO ../UVM_VIP/rv32i_driver.sv(83) @ 625: uvm_test_top.env.agent.driver [DRV_LOAD] Loading IMEM[35] = 00000013
PIPE_DBG: t=635 ifid_v=0 idex_v=1 exmem_v=0 memwb_v=0 | idex_rd=2 idex_rs1=0 idex_rs2=1 | exmem_rd=31 exmem_rw=0 | memwb_rd=31 		    memwb_rw=0 | fwdA=0 fwdB=0
EXMEM_RD        = 2
EXMEM_RESULTSRC = 3
EXMEM_CSR_READ_CAPTURE: idex_csr_read_now=00000034

========== CSR WRITE ==========
TIME=635
csr_we    = 0
csr_cmd   = 0
csr_addr  = fff
csr_raddr = 341
csr_wdata = 0000001f
OLD VALUE = 00000000
FWD_DBG: t=635 Rs1E=0 Rs2E=1 RdM=2 RdW=31 RWM=1 RWW=0 MRM=0 -> A=0 B=0
UVM_INFO ../UVM_VIP/rv32i_driver.sv(83) @ 635: uvm_test_top.env.agent.driver [DRV_LOAD] Loading IMEM[36] = 0030d463
PIPE_DBG: t=645 ifid_v=0 idex_v=0 exmem_v=1 memwb_v=0 | idex_rd=2 idex_rs1=0 idex_rs2=1 | exmem_rd=2 exmem_rw=1 | memwb_rd=31 		    memwb_rw=0 | fwdA=0 fwdB=0
EXMEM : rd=2 pc4=0000001c alu=00000018 resultsrc=3
MEMWB_RD        = 2
MEMWB_RESULTSRC = 3
MEMWB_WDATA     = 00000000

========== CSR WRITE ==========
TIME=645
csr_we    = 0
csr_cmd   = 0
csr_addr  = fff
csr_raddr = 341
csr_wdata = 0000001f
OLD VALUE = 00000000

========== CSR READ ==========
TIME=645
csr_raddr = 004
csr_rdata = 00000000
FWD_DBG: t=645 Rs1E=0 Rs2E=1 RdM=2 RdW=2 RWM=1 RWW=1 MRM=0 -> A=0 B=0
UVM_INFO ../UVM_VIP/rv32i_driver.sv(83) @ 645: uvm_test_top.env.agent.driver [DRV_LOAD] Loading IMEM[37] = 06f00b93
PIPE_DBG: t=655 ifid_v=1 idex_v=0 exmem_v=0 memwb_v=1 | idex_rd=2 idex_rs1=0 idex_rs2=1 | exmem_rd=2 exmem_rw=1 | memwb_rd=2 		    memwb_rw=1 | fwdA=0 fwdB=0
WB : rd=2 wdata=00000034 resultsrc=3
====================================
TIME=655
Instruction = 00410113
IDEX_PC      = 00000018
IDEX_RV1     = 00000000
IDEX_RV2     = 00000018
IDEX_IMM     = 00000341
ALU_A        = 00000000
ALU_B        = 00000018
ALU_CTRL     = 0
ALU_RES      = 00000018
========== ID/EX LOAD ==========
IFID_INSTR = 00410113
IMM_EXT    = 00000004
IMM_SRC    = 000
OPCODE     = 13
IDEX_CSR_READ_CAPTURE: instr=00410113 csr_rdata_now=00000000

========== CSR WRITE ==========
TIME=655
csr_we    = 1
csr_cmd   = 2
csr_addr  = 341
csr_raddr = 004
csr_wdata = 00000000
OLD VALUE = 00000034
FWD_DBG: t=655 Rs1E=2 Rs2E=4 RdM=2 RdW=2 RWM=1 RWW=1 MRM=0 -> A=2 B=0
UVM_INFO ../UVM_VIP/rv32i_driver.sv(83) @ 655: uvm_test_top.env.agent.driver [DRV_LOAD] Loading IMEM[38] = 00000013
PIPE_DBG: t=665 ifid_v=0 idex_v=1 exmem_v=0 memwb_v=0 | idex_rd=2 idex_rs1=2 idex_rs2=4 | exmem_rd=2 exmem_rw=1 | memwb_rd=2 		    memwb_rw=1 | fwdA=2 fwdB=0
EXMEM_RD        = 2
EXMEM_RESULTSRC = 0
EXMEM_CSR_READ_CAPTURE: idex_csr_read_now=00000000

========== CSR WRITE ==========
TIME=665
csr_we    = 0
csr_cmd   = 2
csr_addr  = 341
csr_raddr = 004
csr_wdata = 00000000
OLD VALUE = 00000034
UVM_INFO ../UVM_VIP/rv32i_driver.sv(83) @ 665: uvm_test_top.env.agent.driver [DRV_LOAD] Loading IMEM[39] = 0011e463
PIPE_DBG: t=675 ifid_v=0 idex_v=0 exmem_v=1 memwb_v=0 | idex_rd=2 idex_rs1=2 idex_rs2=4 | exmem_rd=2 exmem_rw=1 | memwb_rd=2 		    memwb_rw=1 | fwdA=2 fwdB=0
EXMEM : rd=2 pc4=00000020 alu=00000038 resultsrc=0
MEMWB_RD        = 2
MEMWB_RESULTSRC = 0
MEMWB_WDATA     = 00000034

========== CSR WRITE ==========
TIME=675
csr_we    = 0
csr_cmd   = 2
csr_addr  = 341
csr_raddr = 004
csr_wdata = 00000000
OLD VALUE = 00000034

========== CSR READ ==========
TIME=675
csr_raddr = 341
csr_rdata = 00000034
UVM_INFO ../UVM_VIP/rv32i_driver.sv(83) @ 675: uvm_test_top.env.agent.driver [DRV_LOAD] Loading IMEM[40] = 06f00c13
PIPE_DBG: t=685 ifid_v=1 idex_v=0 exmem_v=0 memwb_v=1 | idex_rd=2 idex_rs1=2 idex_rs2=4 | exmem_rd=2 exmem_rw=1 | memwb_rd=2 		    memwb_rw=1 | fwdA=2 fwdB=0
WB : rd=2 wdata=00000038 resultsrc=0
====================================
TIME=685
Instruction = 34111073
IDEX_PC      = 0000001c
IDEX_RV1     = 00000000
IDEX_RV2     = 00000000
IDEX_IMM     = 00000004
ALU_A        = 00000038
ALU_B        = 00000004
ALU_CTRL     = 0
ALU_RES      = 0000003c
========== ID/EX LOAD ==========
IFID_INSTR = 34111073
IMM_EXT    = 00000341
IMM_SRC    = 000
OPCODE     = 73
IDEX_CSR_READ_CAPTURE: instr=34111073 csr_rdata_now=00000034

========== CSR WRITE ==========
TIME=685
csr_we    = 0
csr_cmd   = 0
csr_addr  = 004
csr_raddr = 341
csr_wdata = 00000034
OLD VALUE = 00000000
FWD_DBG: t=685 Rs1E=2 Rs2E=1 RdM=2 RdW=2 RWM=1 RWW=1 MRM=0 -> A=2 B=0
UVM_INFO ../UVM_VIP/rv32i_driver.sv(83) @ 685: uvm_test_top.env.agent.driver [DRV_LOAD] Loading IMEM[41] = 00000013
PIPE_DBG: t=695 ifid_v=0 idex_v=1 exmem_v=0 memwb_v=0 | idex_rd=0 idex_rs1=2 idex_rs2=1 | exmem_rd=2 exmem_rw=1 | memwb_rd=2 		    memwb_rw=1 | fwdA=2 fwdB=0
EXMEM_RD        = 0
EXMEM_RESULTSRC = 3
EXMEM_CSR_READ_CAPTURE: idex_csr_read_now=00000034

========== CSR WRITE ==========
TIME=695
csr_we    = 0
csr_cmd   = 0
csr_addr  = 004
csr_raddr = 341
csr_wdata = 00000034
OLD VALUE = 00000000
FWD_DBG: t=695 Rs1E=2 Rs2E=1 RdM=0 RdW=2 RWM=1 RWW=1 MRM=0 -> A=1 B=0
UVM_INFO ../UVM_VIP/rv32i_driver.sv(83) @ 695: uvm_test_top.env.agent.driver [DRV_LOAD] Loading IMEM[42] = 0030f463
PIPE_DBG: t=705 ifid_v=0 idex_v=0 exmem_v=1 memwb_v=0 | idex_rd=0 idex_rs1=2 idex_rs2=1 | exmem_rd=0 exmem_rw=1 | memwb_rd=2 		    memwb_rw=1 | fwdA=1 fwdB=0
EXMEM : rd=0 pc4=00000024 alu=00000050 resultsrc=3
MEMWB_RD        = 0
MEMWB_RESULTSRC = 3
MEMWB_WDATA     = 00000038

========== CSR WRITE ==========
TIME=705
csr_we    = 0
csr_cmd   = 0
csr_addr  = 004
csr_raddr = 341
csr_wdata = 00000034
OLD VALUE = 00000000

========== CSR READ ==========
TIME=705
csr_raddr = 302
csr_rdata = 00000000
FWD_DBG: t=705 Rs1E=2 Rs2E=1 RdM=0 RdW=0 RWM=1 RWW=1 MRM=0 -> A=0 B=0
UVM_INFO ../UVM_VIP/rv32i_driver.sv(83) @ 705: uvm_test_top.env.agent.driver [DRV_LOAD] Loading IMEM[43] = 06f00c93
PIPE_DBG: t=715 ifid_v=1 idex_v=0 exmem_v=0 memwb_v=1 | idex_rd=0 idex_rs1=2 idex_rs2=1 | exmem_rd=0 exmem_rw=1 | memwb_rd=0 		    memwb_rw=1 | fwdA=0 fwdB=0
WB : rd=0 wdata=00000034 resultsrc=3
====================================
TIME=715
Instruction = 30200073
IDEX_PC      = 00000020
IDEX_RV1     = 00000034
IDEX_RV2     = 00000018
IDEX_IMM     = 00000341
ALU_A        = 00000034
ALU_B        = 00000018
ALU_CTRL     = 0
ALU_RES      = 0000004c

========== CSR WRITE ==========
TIME=715
csr_we    = 1
csr_cmd   = 1
csr_addr  = 341
csr_raddr = 302
csr_wdata = 00000038
OLD VALUE = 00000034

========== CSR READ ==========
TIME=715
csr_raddr = 302
csr_rdata = 00000000
UVM_INFO ../UVM_VIP/rv32i_driver.sv(83) @ 715: uvm_test_top.env.agent.driver [DRV_LOAD] Loading IMEM[44] = 00000013
PIPE_DBG: t=725 ifid_v=1 idex_v=0 exmem_v=0 memwb_v=0 | idex_rd=0 idex_rs1=2 idex_rs2=1 | exmem_rd=0 exmem_rw=1 | memwb_rd=0 		    memwb_rw=1 | fwdA=0 fwdB=0
========== ID/EX LOAD ==========
IFID_INSTR = 30200073
IMM_EXT    = 00000302
IMM_SRC    = 000
OPCODE     = 73
IDEX_CSR_READ_CAPTURE: instr=30200073 csr_rdata_now=00000000

========== CSR WRITE ==========
TIME=725
csr_we    = 0
csr_cmd   = 1
csr_addr  = 341
csr_raddr = 302
csr_wdata = 00000038
OLD VALUE = 00000038
FWD_DBG: t=725 Rs1E=0 Rs2E=2 RdM=0 RdW=0 RWM=1 RWW=1 MRM=0 -> A=0 B=0
UVM_INFO ../UVM_VIP/rv32i_driver.sv(83) @ 725: uvm_test_top.env.agent.driver [DRV_LOAD] Loading IMEM[45] = 00900313
PIPE_DBG: t=735 ifid_v=0 idex_v=1 exmem_v=0 memwb_v=0 | idex_rd=0 idex_rs1=0 idex_rs2=2 | exmem_rd=0 exmem_rw=1 | memwb_rd=0 		    memwb_rw=1 | fwdA=0 fwdB=0
EXMEM_RD        = 0
EXMEM_RESULTSRC = 0
EXMEM_CSR_READ_CAPTURE: idex_csr_read_now=00000000

========== CSR WRITE ==========
TIME=735
csr_we    = 0
csr_cmd   = 1
csr_addr  = 341
csr_raddr = 302
csr_wdata = 00000038
OLD VALUE = 00000038
FWD_DBG: t=735 Rs1E=0 Rs2E=2 RdM=0 RdW=0 RWM=0 RWW=1 MRM=0 -> A=0 B=0

========== CSR READ ==========
TIME=735
csr_raddr = 302
csr_rdata = 00000000
UVM_INFO ../UVM_VIP/rv32i_driver.sv(83) @ 735: uvm_test_top.env.agent.driver [DRV_LOAD] Loading IMEM[46] = 006003b3
PIPE_DBG: t=745 ifid_v=0 idex_v=0 exmem_v=1 memwb_v=0 | idex_rd=0 idex_rs1=0 idex_rs2=2 | exmem_rd=0 exmem_rw=0 | memwb_rd=0 		    memwb_rw=1 | fwdA=0 fwdB=0
EXMEM : rd=0 pc4=00000028 alu=00000038 resultsrc=0
MEMWB_RD        = 0
MEMWB_RESULTSRC = 0
MEMWB_WDATA     = 00000034

========== CSR WRITE ==========
TIME=745
csr_we    = 0
csr_cmd   = 1
csr_addr  = 341
csr_raddr = 302
csr_wdata = 00000038
OLD VALUE = 00000038
FWD_DBG: t=745 Rs1E=0 Rs2E=2 RdM=0 RdW=0 RWM=0 RWW=0 MRM=0 -> A=0 B=0
UVM_INFO ../UVM_VIP/rv32i_driver.sv(83) @ 745: uvm_test_top.env.agent.driver [DRV_LOAD] Loading IMEM[47] = 00000013
PIPE_DBG: t=755 ifid_v=0 idex_v=0 exmem_v=0 memwb_v=1 | idex_rd=0 idex_rs1=0 idex_rs2=2 | exmem_rd=0 exmem_rw=0 | memwb_rd=0 		    memwb_rw=0 | fwdA=0 fwdB=0
WB : rd=0 wdata=00000038 resultsrc=0
====================================
TIME=755
Instruction = 30200073
IDEX_PC      = 00000024
IDEX_RV1     = 00000000
IDEX_RV2     = 00000038
IDEX_IMM     = 00000302
ALU_A        = 00000000
ALU_B        = 00000038
ALU_CTRL     = 0
ALU_RES      = 00000038

========== CSR WRITE ==========
TIME=755
csr_we    = 0
csr_cmd   = 0
csr_addr  = 302
csr_raddr = 302
csr_wdata = 00000000
OLD VALUE = 00000000

========== CSR READ ==========
TIME=755
csr_raddr = 001
csr_rdata = 00000000
UVM_INFO ../UVM_VIP/rv32i_driver.sv(83) @ 755: uvm_test_top.env.agent.driver [DRV_LOAD] Loading IMEM[48] = 00700433
PIPE_DBG: t=765 ifid_v=1 idex_v=0 exmem_v=0 memwb_v=0 | idex_rd=0 idex_rs1=0 idex_rs2=2 | exmem_rd=0 exmem_rw=0 | memwb_rd=0 		    memwb_rw=0 | fwdA=0 fwdB=0
========== ID/EX LOAD ==========
IFID_INSTR = 00100113
IMM_EXT    = 00000001
IMM_SRC    = 000
OPCODE     = 13
IDEX_CSR_READ_CAPTURE: instr=00100113 csr_rdata_now=00000000

========== CSR WRITE ==========
TIME=765
csr_we    = 0
csr_cmd   = 0
csr_addr  = 302
csr_raddr = 001
csr_wdata = 00000000
OLD VALUE = 00000000
FWD_DBG: t=765 Rs1E=0 Rs2E=1 RdM=0 RdW=0 RWM=0 RWW=0 MRM=0 -> A=0 B=0
UVM_INFO ../UVM_VIP/rv32i_driver.sv(83) @ 765: uvm_test_top.env.agent.driver [DRV_LOAD] Loading IMEM[49] = 00500493
PIPE_DBG: t=775 ifid_v=0 idex_v=1 exmem_v=0 memwb_v=0 | idex_rd=2 idex_rs1=0 idex_rs2=1 | exmem_rd=0 exmem_rw=0 | memwb_rd=0 		    memwb_rw=0 | fwdA=0 fwdB=0
EXMEM_RD        = 2
EXMEM_RESULTSRC = 0
EXMEM_CSR_READ_CAPTURE: idex_csr_read_now=00000000

========== CSR WRITE ==========
TIME=775
csr_we    = 0
csr_cmd   = 0
csr_addr  = 302
csr_raddr = 001
csr_wdata = 00000000
OLD VALUE = 00000000
FWD_DBG: t=775 Rs1E=0 Rs2E=1 RdM=2 RdW=0 RWM=1 RWW=0 MRM=0 -> A=0 B=0
UVM_INFO ../UVM_VIP/rv32i_driver.sv(83) @ 775: uvm_test_top.env.agent.driver [DRV_LOAD] Loading IMEM[50] = 00700513
PIPE_DBG: t=785 ifid_v=0 idex_v=0 exmem_v=1 memwb_v=0 | idex_rd=2 idex_rs1=0 idex_rs2=1 | exmem_rd=2 exmem_rw=1 | memwb_rd=0 		    memwb_rw=0 | fwdA=0 fwdB=0
EXMEM : rd=2 pc4=0000003c alu=00000001 resultsrc=0
MEMWB_RD        = 2
MEMWB_RESULTSRC = 0
MEMWB_WDATA     = 00000038

========== CSR WRITE ==========
TIME=785
csr_we    = 0
csr_cmd   = 0
csr_addr  = 302
csr_raddr = 001
csr_wdata = 00000000
OLD VALUE = 00000000

========== CSR READ ==========
TIME=785
csr_raddr = 002
csr_rdata = 00000000
FWD_DBG: t=785 Rs1E=0 Rs2E=1 RdM=2 RdW=2 RWM=1 RWW=1 MRM=0 -> A=0 B=0
UVM_INFO ../UVM_VIP/rv32i_driver.sv(83) @ 785: uvm_test_top.env.agent.driver [DRV_LOAD] Loading IMEM[51] = 009505b3
PIPE_DBG: t=795 ifid_v=1 idex_v=0 exmem_v=0 memwb_v=1 | idex_rd=2 idex_rs1=0 idex_rs2=1 | exmem_rd=2 exmem_rw=1 | memwb_rd=2 		    memwb_rw=1 | fwdA=0 fwdB=0
WB : rd=2 wdata=00000001 resultsrc=0
====================================
TIME=795
Instruction = 00212023
IDEX_PC      = 00000038
IDEX_RV1     = 00000000
IDEX_RV2     = 00000018
IDEX_IMM     = 00000001
ALU_A        = 00000000
ALU_B        = 00000001
ALU_CTRL     = 0
ALU_RES      = 00000001
========== ID/EX LOAD ==========
IFID_INSTR = 00212023
IMM_EXT    = 00000000
IMM_SRC    = 001
OPCODE     = 23
IDEX_CSR_READ_CAPTURE: instr=00212023 csr_rdata_now=00000000

========== CSR WRITE ==========
TIME=795
csr_we    = 0
csr_cmd   = 0
csr_addr  = 001
csr_raddr = 002
csr_wdata = 00000000
OLD VALUE = 00000000
FWD_DBG: t=795 Rs1E=2 Rs2E=2 RdM=2 RdW=2 RWM=1 RWW=1 MRM=0 -> A=2 B=2
UVM_INFO ../UVM_VIP/rv32i_driver.sv(83) @ 795: uvm_test_top.env.agent.driver [DRV_LOAD] Loading IMEM[52] = 00b00613
PIPE_DBG: t=805 ifid_v=0 idex_v=1 exmem_v=0 memwb_v=0 | idex_rd=0 idex_rs1=2 idex_rs2=2 | exmem_rd=2 exmem_rw=1 | memwb_rd=2 		    memwb_rw=1 | fwdA=2 fwdB=2
EXMEM_RD        = 0
EXMEM_RESULTSRC = 0
EXMEM_CSR_READ_CAPTURE: idex_csr_read_now=00000000

========== CSR WRITE ==========
TIME=805
csr_we    = 0
csr_cmd   = 0
csr_addr  = 001
csr_raddr = 002
csr_wdata = 00000000
OLD VALUE = 00000000
FWD_DBG: t=805 Rs1E=2 Rs2E=2 RdM=0 RdW=2 RWM=0 RWW=1 MRM=0 -> A=1 B=1

========== CSR READ ==========
TIME=805
csr_raddr = 002
csr_rdata = 00000000
UVM_INFO ../UVM_VIP/rv32i_monitor.sv(183) @ 805: uvm_test_top.env.agent.monitor [MON] [81] TRAP: cause=0x00000006
UVM_INFO ../UVM_VIP/rv32i_scoreboard.sv(199) @ 805: uvm_test_top.env.scoreboard [SB_TRAP] Trap detected: cause=0x00000006
UVM_INFO ../UVM_VIP/rv32i_driver.sv(83) @ 805: uvm_test_top.env.agent.driver [DRV_LOAD] Loading IMEM[53] = 00d00693
PIPE_DBG: t=815 ifid_v=0 idex_v=0 exmem_v=1 memwb_v=0 | idex_rd=0 idex_rs1=2 idex_rs2=2 | exmem_rd=0 exmem_rw=0 | memwb_rd=2 		    memwb_rw=1 | fwdA=1 fwdB=1
EXMEM : rd=0 pc4=00000040 alu=00000001 resultsrc=0
MEMWB_RD        = 0
MEMWB_RESULTSRC = 0
MEMWB_WDATA     = 00000001

========== CSR WRITE ==========
TIME=815
csr_we    = 0
csr_cmd   = 0
csr_addr  = 001
csr_raddr = 002
csr_wdata = 00000000
OLD VALUE = 00000000
FWD_DBG: t=815 Rs1E=2 Rs2E=2 RdM=0 RdW=0 RWM=0 RWW=0 MRM=0 -> A=0 B=0
UVM_INFO ../UVM_VIP/rv32i_driver.sv(83) @ 815: uvm_test_top.env.agent.driver [DRV_LOAD] Loading IMEM[54] = 00d60733
PIPE_DBG: t=825 ifid_v=0 idex_v=0 exmem_v=0 memwb_v=1 | idex_rd=0 idex_rs1=2 idex_rs2=2 | exmem_rd=0 exmem_rw=0 | memwb_rd=0 		    memwb_rw=0 | fwdA=0 fwdB=0
WB : rd=0 wdata=00000001 resultsrc=0
====================================
TIME=825
Instruction = 00212023
IDEX_PC      = 0000003c
IDEX_RV1     = 00000038
IDEX_RV2     = 00000038
IDEX_IMM     = 00000000
ALU_A        = 00000038
ALU_B        = 00000000
ALU_CTRL     = 0
ALU_RES      = 00000038

========== CSR WRITE ==========
TIME=825
csr_we    = 0
csr_cmd   = 0
csr_addr  = 002
csr_raddr = 002
csr_wdata = 00000001
OLD VALUE = 00000000

========== CSR READ ==========
TIME=825
csr_raddr = 341
csr_rdata = 0000003c
UVM_INFO ../UVM_VIP/rv32i_driver.sv(83) @ 825: uvm_test_top.env.agent.driver [DRV_LOAD] Loading IMEM[55] = 01100793
PIPE_DBG: t=835 ifid_v=1 idex_v=0 exmem_v=0 memwb_v=0 | idex_rd=0 idex_rs1=2 idex_rs2=2 | exmem_rd=0 exmem_rw=0 | memwb_rd=0 		    memwb_rw=0 | fwdA=0 fwdB=0
========== ID/EX LOAD ==========
IFID_INSTR = 34102173
IMM_EXT    = 00000341
IMM_SRC    = 000
OPCODE     = 73
IDEX_CSR_READ_CAPTURE: instr=34102173 csr_rdata_now=0000003c

========== CSR WRITE ==========
TIME=835
csr_we    = 0
csr_cmd   = 0
csr_addr  = 002
csr_raddr = 341
csr_wdata = 00000001
OLD VALUE = 00000000
FWD_DBG: t=835 Rs1E=0 Rs2E=1 RdM=0 RdW=0 RWM=0 RWW=0 MRM=0 -> A=0 B=0
UVM_INFO ../UVM_VIP/rv32i_driver.sv(83) @ 835: uvm_test_top.env.agent.driver [DRV_LOAD] Loading IMEM[56] = 00000013
PIPE_DBG: t=845 ifid_v=0 idex_v=1 exmem_v=0 memwb_v=0 | idex_rd=2 idex_rs1=0 idex_rs2=1 | exmem_rd=0 exmem_rw=0 | memwb_rd=0 		    memwb_rw=0 | fwdA=0 fwdB=0
EXMEM_RD        = 2
EXMEM_RESULTSRC = 3
EXMEM_CSR_READ_CAPTURE: idex_csr_read_now=0000003c

========== CSR WRITE ==========
TIME=845
csr_we    = 0
csr_cmd   = 0
csr_addr  = 002
csr_raddr = 341
csr_wdata = 00000001
OLD VALUE = 00000000
FWD_DBG: t=845 Rs1E=0 Rs2E=1 RdM=2 RdW=0 RWM=1 RWW=0 MRM=0 -> A=0 B=0
UVM_INFO ../UVM_VIP/rv32i_driver.sv(83) @ 845: uvm_test_top.env.agent.driver [DRV_LOAD] Loading IMEM[57] = 00f78833
PIPE_DBG: t=855 ifid_v=0 idex_v=0 exmem_v=1 memwb_v=0 | idex_rd=2 idex_rs1=0 idex_rs2=1 | exmem_rd=2 exmem_rw=1 | memwb_rd=0 		    memwb_rw=0 | fwdA=0 fwdB=0
EXMEM : rd=2 pc4=0000001c alu=00000018 resultsrc=3
MEMWB_RD        = 2
MEMWB_RESULTSRC = 3
MEMWB_WDATA     = 00000001

========== CSR WRITE ==========
TIME=855
csr_we    = 0
csr_cmd   = 0
csr_addr  = 002
csr_raddr = 341
csr_wdata = 00000001
OLD VALUE = 00000000

========== CSR READ ==========
TIME=855
csr_raddr = 004
csr_rdata = 00000000
FWD_DBG: t=855 Rs1E=0 Rs2E=1 RdM=2 RdW=2 RWM=1 RWW=1 MRM=0 -> A=0 B=0
UVM_INFO ../UVM_VIP/rv32i_driver.sv(83) @ 855: uvm_test_top.env.agent.driver [DRV_LOAD] Loading IMEM[58] = 01000813
PIPE_DBG: t=865 ifid_v=1 idex_v=0 exmem_v=0 memwb_v=1 | idex_rd=2 idex_rs1=0 idex_rs2=1 | exmem_rd=2 exmem_rw=1 | memwb_rd=2 		    memwb_rw=1 | fwdA=0 fwdB=0
WB : rd=2 wdata=0000003c resultsrc=3
====================================
TIME=865
Instruction = 00410113
IDEX_PC      = 00000018
IDEX_RV1     = 00000000
IDEX_RV2     = 00000018
IDEX_IMM     = 00000341
ALU_A        = 00000000
ALU_B        = 00000018
ALU_CTRL     = 0
ALU_RES      = 00000018
========== ID/EX LOAD ==========
IFID_INSTR = 00410113
IMM_EXT    = 00000004
IMM_SRC    = 000
OPCODE     = 13
IDEX_CSR_READ_CAPTURE: instr=00410113 csr_rdata_now=00000000

========== CSR WRITE ==========
TIME=865
csr_we    = 1
csr_cmd   = 2
csr_addr  = 341
csr_raddr = 004
csr_wdata = 00000000
OLD VALUE = 0000003c
FWD_DBG: t=865 Rs1E=2 Rs2E=4 RdM=2 RdW=2 RWM=1 RWW=1 MRM=0 -> A=2 B=0
UVM_INFO ../UVM_VIP/rv32i_driver.sv(83) @ 865: uvm_test_top.env.agent.driver [DRV_LOAD] Loading IMEM[59] = 01100893
PIPE_DBG: t=875 ifid_v=0 idex_v=1 exmem_v=0 memwb_v=0 | idex_rd=2 idex_rs1=2 idex_rs2=4 | exmem_rd=2 exmem_rw=1 | memwb_rd=2 		    memwb_rw=1 | fwdA=2 fwdB=0
EXMEM_RD        = 2
EXMEM_RESULTSRC = 0
EXMEM_CSR_READ_CAPTURE: idex_csr_read_now=00000000

========== CSR WRITE ==========
TIME=875
csr_we    = 0
csr_cmd   = 2
csr_addr  = 341
csr_raddr = 004
csr_wdata = 00000000
OLD VALUE = 0000003c
UVM_INFO ../UVM_VIP/rv32i_driver.sv(83) @ 875: uvm_test_top.env.agent.driver [DRV_LOAD] Loading IMEM[60] = 01200913
PIPE_DBG: t=885 ifid_v=0 idex_v=0 exmem_v=1 memwb_v=0 | idex_rd=2 idex_rs1=2 idex_rs2=4 | exmem_rd=2 exmem_rw=1 | memwb_rd=2 		    memwb_rw=1 | fwdA=2 fwdB=0
EXMEM : rd=2 pc4=00000020 alu=00000040 resultsrc=0
MEMWB_RD        = 2
MEMWB_RESULTSRC = 0
MEMWB_WDATA     = 0000003c

========== CSR WRITE ==========
TIME=885
csr_we    = 0
csr_cmd   = 2
csr_addr  = 341
csr_raddr = 004
csr_wdata = 00000000
OLD VALUE = 0000003c

========== CSR READ ==========
TIME=885
csr_raddr = 341
csr_rdata = 0000003c
UVM_INFO ../UVM_VIP/rv32i_driver.sv(83) @ 885: uvm_test_top.env.agent.driver [DRV_LOAD] Loading IMEM[61] = 01300993
PIPE_DBG: t=895 ifid_v=1 idex_v=0 exmem_v=0 memwb_v=1 | idex_rd=2 idex_rs1=2 idex_rs2=4 | exmem_rd=2 exmem_rw=1 | memwb_rd=2 		    memwb_rw=1 | fwdA=2 fwdB=0
WB : rd=2 wdata=00000040 resultsrc=0
====================================
TIME=895
Instruction = 34111073
IDEX_PC      = 0000001c
IDEX_RV1     = 00000001
IDEX_RV2     = 00000000
IDEX_IMM     = 00000004
ALU_A        = 00000040
ALU_B        = 00000004
ALU_CTRL     = 0
ALU_RES      = 00000044
========== ID/EX LOAD ==========
IFID_INSTR = 34111073
IMM_EXT    = 00000341
IMM_SRC    = 000
OPCODE     = 73
IDEX_CSR_READ_CAPTURE: instr=34111073 csr_rdata_now=0000003c

========== CSR WRITE ==========
TIME=895
csr_we    = 0
csr_cmd   = 0
csr_addr  = 004
csr_raddr = 341
csr_wdata = 0000003c
OLD VALUE = 00000000
FWD_DBG: t=895 Rs1E=2 Rs2E=1 RdM=2 RdW=2 RWM=1 RWW=1 MRM=0 -> A=2 B=0
UVM_INFO ../UVM_VIP/rv32i_driver.sv(83) @ 895: uvm_test_top.env.agent.driver [DRV_LOAD] Loading IMEM[62] = 01400a13
PIPE_DBG: t=905 ifid_v=0 idex_v=1 exmem_v=0 memwb_v=0 | idex_rd=0 idex_rs1=2 idex_rs2=1 | exmem_rd=2 exmem_rw=1 | memwb_rd=2 		    memwb_rw=1 | fwdA=2 fwdB=0
EXMEM_RD        = 0
EXMEM_RESULTSRC = 3
EXMEM_CSR_READ_CAPTURE: idex_csr_read_now=0000003c

========== CSR WRITE ==========
TIME=905
csr_we    = 0
csr_cmd   = 0
csr_addr  = 004
csr_raddr = 341
csr_wdata = 0000003c
OLD VALUE = 00000000
FWD_DBG: t=905 Rs1E=2 Rs2E=1 RdM=0 RdW=2 RWM=1 RWW=1 MRM=0 -> A=1 B=0
UVM_INFO ../UVM_VIP/rv32i_driver.sv(83) @ 905: uvm_test_top.env.agent.driver [DRV_LOAD] Loading IMEM[63] = 01500a93
PIPE_DBG: t=915 ifid_v=0 idex_v=0 exmem_v=1 memwb_v=0 | idex_rd=0 idex_rs1=2 idex_rs2=1 | exmem_rd=0 exmem_rw=1 | memwb_rd=2 		    memwb_rw=1 | fwdA=1 fwdB=0
EXMEM : rd=0 pc4=00000024 alu=00000058 resultsrc=3
MEMWB_RD        = 0
MEMWB_RESULTSRC = 3
MEMWB_WDATA     = 00000040

========== CSR WRITE ==========
TIME=915
csr_we    = 0
csr_cmd   = 0
csr_addr  = 004
csr_raddr = 341
csr_wdata = 0000003c
OLD VALUE = 00000000

========== CSR READ ==========
TIME=915
csr_raddr = 302
csr_rdata = 00000000
FWD_DBG: t=915 Rs1E=2 Rs2E=1 RdM=0 RdW=0 RWM=1 RWW=1 MRM=0 -> A=0 B=0
UVM_INFO ../UVM_VIP/rv32i_driver.sv(83) @ 915: uvm_test_top.env.agent.driver [DRV_LOAD] Loading IMEM[64] = 01600b13
PIPE_DBG: t=925 ifid_v=1 idex_v=0 exmem_v=0 memwb_v=1 | idex_rd=0 idex_rs1=2 idex_rs2=1 | exmem_rd=0 exmem_rw=1 | memwb_rd=0 		    memwb_rw=1 | fwdA=0 fwdB=0
WB : rd=0 wdata=0000003c resultsrc=3
====================================
TIME=925
Instruction = 30200073
IDEX_PC      = 00000020
IDEX_RV1     = 0000003c
IDEX_RV2     = 00000018
IDEX_IMM     = 00000341
ALU_A        = 0000003c
ALU_B        = 00000018
ALU_CTRL     = 0
ALU_RES      = 00000054

========== CSR WRITE ==========
TIME=925
csr_we    = 1
csr_cmd   = 1
csr_addr  = 341
csr_raddr = 302
csr_wdata = 00000040
OLD VALUE = 0000003c

========== CSR READ ==========
TIME=925
csr_raddr = 302
csr_rdata = 00000000
UVM_INFO ../UVM_VIP/rv32i_driver.sv(83) @ 925: uvm_test_top.env.agent.driver [DRV_LOAD] Loading IMEM[65] = 01700b93
PIPE_DBG: t=935 ifid_v=1 idex_v=0 exmem_v=0 memwb_v=0 | idex_rd=0 idex_rs1=2 idex_rs2=1 | exmem_rd=0 exmem_rw=1 | memwb_rd=0 		    memwb_rw=1 | fwdA=0 fwdB=0
========== ID/EX LOAD ==========
IFID_INSTR = 30200073
IMM_EXT    = 00000302
IMM_SRC    = 000
OPCODE     = 73
IDEX_CSR_READ_CAPTURE: instr=30200073 csr_rdata_now=00000000

========== CSR WRITE ==========
TIME=935
csr_we    = 0
csr_cmd   = 1
csr_addr  = 341
csr_raddr = 302
csr_wdata = 00000040
OLD VALUE = 00000040
FWD_DBG: t=935 Rs1E=0 Rs2E=2 RdM=0 RdW=0 RWM=1 RWW=1 MRM=0 -> A=0 B=0
UVM_INFO ../UVM_VIP/rv32i_driver.sv(83) @ 935: uvm_test_top.env.agent.driver [DRV_LOAD] Loading IMEM[66] = 01800c13
PIPE_DBG: t=945 ifid_v=0 idex_v=1 exmem_v=0 memwb_v=0 | idex_rd=0 idex_rs1=0 idex_rs2=2 | exmem_rd=0 exmem_rw=1 | memwb_rd=0 		    memwb_rw=1 | fwdA=0 fwdB=0
EXMEM_RD        = 0
EXMEM_RESULTSRC = 0
EXMEM_CSR_READ_CAPTURE: idex_csr_read_now=00000000

========== CSR WRITE ==========
TIME=945
csr_we    = 0
csr_cmd   = 1
csr_addr  = 341
csr_raddr = 302
csr_wdata = 00000040
OLD VALUE = 00000040
FWD_DBG: t=945 Rs1E=0 Rs2E=2 RdM=0 RdW=0 RWM=0 RWW=1 MRM=0 -> A=0 B=0

========== CSR READ ==========
TIME=945
csr_raddr = 302
csr_rdata = 00000000
UVM_INFO ../UVM_VIP/rv32i_driver.sv(83) @ 945: uvm_test_top.env.agent.driver [DRV_LOAD] Loading IMEM[67] = 01900c93
PIPE_DBG: t=955 ifid_v=0 idex_v=0 exmem_v=1 memwb_v=0 | idex_rd=0 idex_rs1=0 idex_rs2=2 | exmem_rd=0 exmem_rw=0 | memwb_rd=0 		    memwb_rw=1 | fwdA=0 fwdB=0
EXMEM : rd=0 pc4=00000028 alu=00000040 resultsrc=0
MEMWB_RD        = 0
MEMWB_RESULTSRC = 0
MEMWB_WDATA     = 0000003c

========== CSR WRITE ==========
TIME=955
csr_we    = 0
csr_cmd   = 1
csr_addr  = 341
csr_raddr = 302
csr_wdata = 00000040
OLD VALUE = 00000040
FWD_DBG: t=955 Rs1E=0 Rs2E=2 RdM=0 RdW=0 RWM=0 RWW=0 MRM=0 -> A=0 B=0
UVM_INFO ../UVM_VIP/rv32i_driver.sv(83) @ 955: uvm_test_top.env.agent.driver [DRV_LOAD] Loading IMEM[68] = 01a00d13
PIPE_DBG: t=965 ifid_v=0 idex_v=0 exmem_v=0 memwb_v=1 | idex_rd=0 idex_rs1=0 idex_rs2=2 | exmem_rd=0 exmem_rw=0 | memwb_rd=0 		    memwb_rw=0 | fwdA=0 fwdB=0
WB : rd=0 wdata=00000040 resultsrc=0
====================================
TIME=965
Instruction = 30200073
IDEX_PC      = 00000024
IDEX_RV1     = 00000000
IDEX_RV2     = 00000040
IDEX_IMM     = 00000302
ALU_A        = 00000000
ALU_B        = 00000040
ALU_CTRL     = 0
ALU_RES      = 00000040

========== CSR WRITE ==========
TIME=965
csr_we    = 0
csr_cmd   = 0
csr_addr  = 302
csr_raddr = 302
csr_wdata = 00000000
OLD VALUE = 00000000

========== CSR READ ==========
TIME=965
csr_raddr = 000
csr_rdata = 00000000
UVM_INFO ../UVM_VIP/rv32i_driver.sv(83) @ 965: uvm_test_top.env.agent.driver [DRV_LOAD] Loading IMEM[69] = 01b00d93
PIPE_DBG: t=975 ifid_v=1 idex_v=0 exmem_v=0 memwb_v=0 | idex_rd=0 idex_rs1=0 idex_rs2=2 | exmem_rd=0 exmem_rw=0 | memwb_rd=0 		    memwb_rw=0 | fwdA=0 fwdB=0
========== ID/EX LOAD ==========
IFID_INSTR = 00000013
IMM_EXT    = 00000000
IMM_SRC    = 000
OPCODE     = 13
IDEX_CSR_READ_CAPTURE: instr=00000013 csr_rdata_now=00000000

========== CSR WRITE ==========
TIME=975
csr_we    = 0
csr_cmd   = 0
csr_addr  = 302
csr_raddr = 000
csr_wdata = 00000000
OLD VALUE = 00000000
FWD_DBG: t=975 Rs1E=0 Rs2E=0 RdM=0 RdW=0 RWM=0 RWW=0 MRM=0 -> A=0 B=0
UVM_INFO ../UVM_VIP/rv32i_driver.sv(83) @ 975: uvm_test_top.env.agent.driver [DRV_LOAD] Loading IMEM[70] = 01c00e13
PIPE_DBG: t=985 ifid_v=0 idex_v=1 exmem_v=0 memwb_v=0 | idex_rd=0 idex_rs1=0 idex_rs2=0 | exmem_rd=0 exmem_rw=0 | memwb_rd=0 		    memwb_rw=0 | fwdA=0 fwdB=0
EXMEM_RD        = 0
EXMEM_RESULTSRC = 0
EXMEM_CSR_READ_CAPTURE: idex_csr_read_now=00000000

========== CSR WRITE ==========
TIME=985
csr_we    = 0
csr_cmd   = 0
csr_addr  = 302
csr_raddr = 000
csr_wdata = 00000000
OLD VALUE = 00000000
FWD_DBG: t=985 Rs1E=0 Rs2E=0 RdM=0 RdW=0 RWM=1 RWW=0 MRM=0 -> A=0 B=0
UVM_INFO ../UVM_VIP/rv32i_driver.sv(83) @ 985: uvm_test_top.env.agent.driver [DRV_LOAD] Loading IMEM[71] = 01d00e93
PIPE_DBG: t=995 ifid_v=0 idex_v=0 exmem_v=1 memwb_v=0 | idex_rd=0 idex_rs1=0 idex_rs2=0 | exmem_rd=0 exmem_rw=1 | memwb_rd=0 		    memwb_rw=0 | fwdA=0 fwdB=0
EXMEM : rd=0 pc4=00000044 alu=00000000 resultsrc=0
MEMWB_RD        = 0
MEMWB_RESULTSRC = 0
MEMWB_WDATA     = 00000040

========== CSR WRITE ==========
TIME=995
csr_we    = 0
csr_cmd   = 0
csr_addr  = 302
csr_raddr = 000
csr_wdata = 00000000
OLD VALUE = 00000000
FWD_DBG: t=995 Rs1E=0 Rs2E=0 RdM=0 RdW=0 RWM=1 RWW=1 MRM=0 -> A=0 B=0
UVM_INFO ../UVM_VIP/rv32i_driver.sv(83) @ 995: uvm_test_top.env.agent.driver [DRV_LOAD] Loading IMEM[72] = 01e00f13
PIPE_DBG: t=1005 ifid_v=1 idex_v=0 exmem_v=0 memwb_v=1 | idex_rd=0 idex_rs1=0 idex_rs2=0 | exmem_rd=0 exmem_rw=1 | memwb_rd=0 		    memwb_rw=1 | fwdA=0 fwdB=0
WB : rd=0 wdata=00000000 resultsrc=0
====================================
TIME=1005
Instruction = 00000013
IDEX_PC      = 00000040
IDEX_RV1     = 00000000
IDEX_RV2     = 00000000
IDEX_IMM     = 00000000
ALU_A        = 00000000
ALU_B        = 00000000
ALU_CTRL     = 0
ALU_RES      = 00000000
========== ID/EX LOAD ==========
IFID_INSTR = 00000013
IMM_EXT    = 00000000
IMM_SRC    = 000
OPCODE     = 13
IDEX_CSR_READ_CAPTURE: instr=00000013 csr_rdata_now=00000000

========== CSR WRITE ==========
TIME=1005
csr_we    = 0
csr_cmd   = 0
csr_addr  = 000
csr_raddr = 000
csr_wdata = 00000000
OLD VALUE = 00000000
UVM_INFO ../UVM_VIP/rv32i_driver.sv(83) @ 1005: uvm_test_top.env.agent.driver [DRV_LOAD] Loading IMEM[73] = 01f00f93
PIPE_DBG: t=1015 ifid_v=0 idex_v=1 exmem_v=0 memwb_v=0 | idex_rd=0 idex_rs1=0 idex_rs2=0 | exmem_rd=0 exmem_rw=1 | memwb_rd=0 		    memwb_rw=1 | fwdA=0 fwdB=0
EXMEM_RD        = 0
EXMEM_RESULTSRC = 0
EXMEM_CSR_READ_CAPTURE: idex_csr_read_now=00000000

========== CSR WRITE ==========
TIME=1015
csr_we    = 0
csr_cmd   = 0
csr_addr  = 000
csr_raddr = 000
csr_wdata = 00000000
OLD VALUE = 00000000
UVM_INFO ../UVM_VIP/rv32i_driver.sv(83) @ 1015: uvm_test_top.env.agent.driver [DRV_LOAD] Loading IMEM[74] = 0020006f
PIPE_DBG: t=1025 ifid_v=0 idex_v=0 exmem_v=1 memwb_v=0 | idex_rd=0 idex_rs1=0 idex_rs2=0 | exmem_rd=0 exmem_rw=1 | memwb_rd=0 		    memwb_rw=1 | fwdA=0 fwdB=0
EXMEM : rd=0 pc4=00000048 alu=00000000 resultsrc=0
MEMWB_RD        = 0
MEMWB_RESULTSRC = 0
MEMWB_WDATA     = 00000000

========== CSR WRITE ==========
TIME=1025
csr_we    = 0
csr_cmd   = 0
csr_addr  = 000
csr_raddr = 000
csr_wdata = 00000000
OLD VALUE = 00000000
UVM_INFO ../UVM_VIP/rv32i_driver.sv(83) @ 1025: uvm_test_top.env.agent.driver [DRV_LOAD] Loading IMEM[75] = 00000013
PIPE_DBG: t=1035 ifid_v=1 idex_v=0 exmem_v=0 memwb_v=1 | idex_rd=0 idex_rs1=0 idex_rs2=0 | exmem_rd=0 exmem_rw=1 | memwb_rd=0 		    memwb_rw=1 | fwdA=0 fwdB=0
WB : rd=0 wdata=00000000 resultsrc=0
====================================
TIME=1035
Instruction = 00000013
IDEX_PC      = 00000044
IDEX_RV1     = 00000000
IDEX_RV2     = 00000000
IDEX_IMM     = 00000000
ALU_A        = 00000000
ALU_B        = 00000000
ALU_CTRL     = 0
ALU_RES      = 00000000
========== ID/EX LOAD ==========
IFID_INSTR = 00000013
IMM_EXT    = 00000000
IMM_SRC    = 000
OPCODE     = 13
IDEX_CSR_READ_CAPTURE: instr=00000013 csr_rdata_now=00000000

========== CSR WRITE ==========
TIME=1035
csr_we    = 0
csr_cmd   = 0
csr_addr  = 000
csr_raddr = 000
csr_wdata = 00000000
OLD VALUE = 00000000
UVM_INFO ../UVM_VIP/rv32i_driver.sv(83) @ 1035: uvm_test_top.env.agent.driver [DRV_LOAD] Loading IMEM[63] = 00000013
PIPE_DBG: t=1045 ifid_v=0 idex_v=1 exmem_v=0 memwb_v=0 | idex_rd=0 idex_rs1=0 idex_rs2=0 | exmem_rd=0 exmem_rw=1 | memwb_rd=0 		    memwb_rw=1 | fwdA=0 fwdB=0
EXMEM_RD        = 0
EXMEM_RESULTSRC = 0
EXMEM_CSR_READ_CAPTURE: idex_csr_read_now=00000000

========== CSR WRITE ==========
TIME=1045
csr_we    = 0
csr_cmd   = 0
csr_addr  = 000
csr_raddr = 000
csr_wdata = 00000000
OLD VALUE = 00000000
UVM_INFO ../UVM_VIP/rv32i_driver.sv(83) @ 1045: uvm_test_top.env.agent.driver [DRV_LOAD] Loading IMEM[63] = 00000013
PIPE_DBG: t=1055 ifid_v=0 idex_v=0 exmem_v=1 memwb_v=0 | idex_rd=0 idex_rs1=0 idex_rs2=0 | exmem_rd=0 exmem_rw=1 | memwb_rd=0 		    memwb_rw=1 | fwdA=0 fwdB=0
EXMEM : rd=0 pc4=0000004c alu=00000000 resultsrc=0
MEMWB_RD        = 0
MEMWB_RESULTSRC = 0
MEMWB_WDATA     = 00000000

========== CSR WRITE ==========
TIME=1055
csr_we    = 0
csr_cmd   = 0
csr_addr  = 000
csr_raddr = 000
csr_wdata = 00000000
OLD VALUE = 00000000
UVM_INFO ../UVM_VIP/rv32i_driver.sv(83) @ 1055: uvm_test_top.env.agent.driver [DRV_LOAD] Loading IMEM[63] = 00000013
PIPE_DBG: t=1065 ifid_v=1 idex_v=0 exmem_v=0 memwb_v=1 | idex_rd=0 idex_rs1=0 idex_rs2=0 | exmem_rd=0 exmem_rw=1 | memwb_rd=0 		    memwb_rw=1 | fwdA=0 fwdB=0
WB : rd=0 wdata=00000000 resultsrc=0
====================================
TIME=1065
Instruction = 00000013
IDEX_PC      = 00000048
IDEX_RV1     = 00000000
IDEX_RV2     = 00000000
IDEX_IMM     = 00000000
ALU_A        = 00000000
ALU_B        = 00000000
ALU_CTRL     = 0
ALU_RES      = 00000000
========== ID/EX LOAD ==========
IFID_INSTR = 00000013
IMM_EXT    = 00000000
IMM_SRC    = 000
OPCODE     = 13
IDEX_CSR_READ_CAPTURE: instr=00000013 csr_rdata_now=00000000

========== CSR WRITE ==========
TIME=1065
csr_we    = 0
csr_cmd   = 0
csr_addr  = 000
csr_raddr = 000
csr_wdata = 00000000
OLD VALUE = 00000000
UVM_INFO ../UVM_VIP/rv32i_driver.sv(83) @ 1065: uvm_test_top.env.agent.driver [DRV_LOAD] Loading IMEM[63] = 00000013
PIPE_DBG: t=1075 ifid_v=0 idex_v=1 exmem_v=0 memwb_v=0 | idex_rd=0 idex_rs1=0 idex_rs2=0 | exmem_rd=0 exmem_rw=1 | memwb_rd=0 		    memwb_rw=1 | fwdA=0 fwdB=0
EXMEM_RD        = 0
EXMEM_RESULTSRC = 0
EXMEM_CSR_READ_CAPTURE: idex_csr_read_now=00000000

========== CSR WRITE ==========
TIME=1075
csr_we    = 0
csr_cmd   = 0
csr_addr  = 000
csr_raddr = 000
csr_wdata = 00000000
OLD VALUE = 00000000
UVM_INFO ../UVM_VIP/rv32i_driver.sv(83) @ 1075: uvm_test_top.env.agent.driver [DRV_LOAD] Loading IMEM[63] = 00000013
PIPE_DBG: t=1085 ifid_v=0 idex_v=0 exmem_v=1 memwb_v=0 | idex_rd=0 idex_rs1=0 idex_rs2=0 | exmem_rd=0 exmem_rw=1 | memwb_rd=0 		    memwb_rw=1 | fwdA=0 fwdB=0
EXMEM : rd=0 pc4=00000050 alu=00000000 resultsrc=0
MEMWB_RD        = 0
MEMWB_RESULTSRC = 0
MEMWB_WDATA     = 00000000

========== CSR WRITE ==========
TIME=1085
csr_we    = 0
csr_cmd   = 0
csr_addr  = 000
csr_raddr = 000
csr_wdata = 00000000
OLD VALUE = 00000000

========== CSR READ ==========
TIME=1085
csr_raddr = 032
csr_rdata = 00000000
UVM_INFO ../UVM_VIP/rv32i_driver.sv(83) @ 1085: uvm_test_top.env.agent.driver [DRV_LOAD] Loading IMEM[63] = 00000013
PIPE_DBG: t=1095 ifid_v=1 idex_v=0 exmem_v=0 memwb_v=1 | idex_rd=0 idex_rs1=0 idex_rs2=0 | exmem_rd=0 exmem_rw=1 | memwb_rd=0 		    memwb_rw=1 | fwdA=0 fwdB=0
WB : rd=0 wdata=00000000 resultsrc=0
====================================
TIME=1095
Instruction = 03200d13
IDEX_PC      = 0000004c
IDEX_RV1     = 00000000
IDEX_RV2     = 00000000
IDEX_IMM     = 00000000
ALU_A        = 00000000
ALU_B        = 00000000
ALU_CTRL     = 0
ALU_RES      = 00000000
========== ID/EX LOAD ==========
IFID_INSTR = 03200d13
IMM_EXT    = 00000032
IMM_SRC    = 000
OPCODE     = 13
IDEX_CSR_READ_CAPTURE: instr=03200d13 csr_rdata_now=00000000

========== CSR WRITE ==========
TIME=1095
csr_we    = 0
csr_cmd   = 0
csr_addr  = 000
csr_raddr = 032
csr_wdata = 00000000
OLD VALUE = 00000000
FWD_DBG: t=1095 Rs1E=0 Rs2E=18 RdM=0 RdW=0 RWM=1 RWW=1 MRM=0 -> A=0 B=0
UVM_INFO ../UVM_VIP/rv32i_driver.sv(83) @ 1095: uvm_test_top.env.agent.driver [DRV_LOAD] Loading IMEM[63] = 00000013
PIPE_DBG: t=1105 ifid_v=0 idex_v=1 exmem_v=0 memwb_v=0 | idex_rd=26 idex_rs1=0 idex_rs2=18 | exmem_rd=0 exmem_rw=1 | memwb_rd=0 		    memwb_rw=1 | fwdA=0 fwdB=0
EXMEM_RD        = 26
EXMEM_RESULTSRC = 0
EXMEM_CSR_READ_CAPTURE: idex_csr_read_now=00000000

========== CSR WRITE ==========
TIME=1105
csr_we    = 0
csr_cmd   = 0
csr_addr  = 000
csr_raddr = 032
csr_wdata = 00000000
OLD VALUE = 00000000
FWD_DBG: t=1105 Rs1E=0 Rs2E=18 RdM=26 RdW=0 RWM=1 RWW=1 MRM=0 -> A=0 B=0
UVM_INFO ../UVM_VIP/rv32i_driver.sv(83) @ 1105: uvm_test_top.env.agent.driver [DRV_LOAD] Loading IMEM[63] = 00000013
PIPE_DBG: t=1115 ifid_v=0 idex_v=0 exmem_v=1 memwb_v=0 | idex_rd=26 idex_rs1=0 idex_rs2=18 | exmem_rd=26 exmem_rw=1 | memwb_rd=0 		    memwb_rw=1 | fwdA=0 fwdB=0
EXMEM : rd=26 pc4=00000054 alu=00000032 resultsrc=0
MEMWB_RD        = 26
MEMWB_RESULTSRC = 0
MEMWB_WDATA     = 00000000

========== CSR WRITE ==========
TIME=1115
csr_we    = 0
csr_cmd   = 0
csr_addr  = 000
csr_raddr = 032
csr_wdata = 00000000
OLD VALUE = 00000000

========== CSR READ ==========
TIME=1115
csr_raddr = 03c
csr_rdata = 00000000
FWD_DBG: t=1115 Rs1E=0 Rs2E=18 RdM=26 RdW=26 RWM=1 RWW=1 MRM=0 -> A=0 B=0
UVM_INFO ../UVM_VIP/rv32i_driver.sv(83) @ 1115: uvm_test_top.env.agent.driver [DRV_LOAD] Loading IMEM[63] = 00000013
PIPE_DBG: t=1125 ifid_v=1 idex_v=0 exmem_v=0 memwb_v=1 | idex_rd=26 idex_rs1=0 idex_rs2=18 | exmem_rd=26 exmem_rw=1 | memwb_rd=26 		    memwb_rw=1 | fwdA=0 fwdB=0
WB : rd=26 wdata=00000032 resultsrc=0
====================================
TIME=1125
Instruction = 03c00d93
IDEX_PC      = 00000050
IDEX_RV1     = 00000000
IDEX_RV2     = 00000000
IDEX_IMM     = 00000032
ALU_A        = 00000000
ALU_B        = 00000032
ALU_CTRL     = 0
ALU_RES      = 00000032
========== ID/EX LOAD ==========
IFID_INSTR = 03c00d93
IMM_EXT    = 0000003c
IMM_SRC    = 000
OPCODE     = 13
IDEX_CSR_READ_CAPTURE: instr=03c00d93 csr_rdata_now=00000000

========== CSR WRITE ==========
TIME=1125
csr_we    = 0
csr_cmd   = 0
csr_addr  = 032
csr_raddr = 03c
csr_wdata = 00000000
OLD VALUE = 00000000
FWD_DBG: t=1125 Rs1E=0 Rs2E=28 RdM=26 RdW=26 RWM=1 RWW=1 MRM=0 -> A=0 B=0
UVM_INFO ../UVM_VIP/rv32i_driver.sv(83) @ 1125: uvm_test_top.env.agent.driver [DRV_LOAD] Loading IMEM[63] = 00000013
PIPE_DBG: t=1135 ifid_v=0 idex_v=1 exmem_v=0 memwb_v=0 | idex_rd=27 idex_rs1=0 idex_rs2=28 | exmem_rd=26 exmem_rw=1 | memwb_rd=26 		    memwb_rw=1 | fwdA=0 fwdB=0
EXMEM_RD        = 27
EXMEM_RESULTSRC = 0
EXMEM_CSR_READ_CAPTURE: idex_csr_read_now=00000000

========== CSR WRITE ==========
TIME=1135
csr_we    = 0
csr_cmd   = 0
csr_addr  = 032
csr_raddr = 03c
csr_wdata = 00000000
OLD VALUE = 00000000
FWD_DBG: t=1135 Rs1E=0 Rs2E=28 RdM=27 RdW=26 RWM=1 RWW=1 MRM=0 -> A=0 B=0
UVM_INFO ../UVM_VIP/rv32i_driver.sv(83) @ 1135: uvm_test_top.env.agent.driver [DRV_LOAD] Loading IMEM[63] = 00000013
PIPE_DBG: t=1145 ifid_v=0 idex_v=0 exmem_v=1 memwb_v=0 | idex_rd=27 idex_rs1=0 idex_rs2=28 | exmem_rd=27 exmem_rw=1 | memwb_rd=26 		    memwb_rw=1 | fwdA=0 fwdB=0
EXMEM : rd=27 pc4=00000058 alu=0000003c resultsrc=0
MEMWB_RD        = 27
MEMWB_RESULTSRC = 0
MEMWB_WDATA     = 00000032

========== CSR WRITE ==========
TIME=1145
csr_we    = 0
csr_cmd   = 0
csr_addr  = 032
csr_raddr = 03c
csr_wdata = 00000000
OLD VALUE = 00000000

========== CSR READ ==========
TIME=1145
csr_raddr = 01a
csr_rdata = 00000000
FWD_DBG: t=1145 Rs1E=0 Rs2E=28 RdM=27 RdW=27 RWM=1 RWW=1 MRM=0 -> A=0 B=0
UVM_INFO ../UVM_VIP/rv32i_driver.sv(83) @ 1145: uvm_test_top.env.agent.driver [DRV_LOAD] Loading IMEM[63] = 00000013
PIPE_DBG: t=1155 ifid_v=1 idex_v=0 exmem_v=0 memwb_v=1 | idex_rd=27 idex_rs1=0 idex_rs2=28 | exmem_rd=27 exmem_rw=1 | memwb_rd=27 		    memwb_rw=1 | fwdA=0 fwdB=0
WB : rd=27 wdata=0000003c resultsrc=0
====================================
TIME=1155
Instruction = 01ad8033
IDEX_PC      = 00000054
IDEX_RV1     = 00000000
IDEX_RV2     = 0000000f
IDEX_IMM     = 0000003c
ALU_A        = 00000000
ALU_B        = 0000003c
ALU_CTRL     = 0
ALU_RES      = 0000003c
========== ID/EX LOAD ==========
IFID_INSTR = 01ad8033
IMM_EXT    = 0000001a
IMM_SRC    = 000
OPCODE     = 33
IDEX_CSR_READ_CAPTURE: instr=01ad8033 csr_rdata_now=00000000

========== CSR WRITE ==========
TIME=1155
csr_we    = 0
csr_cmd   = 0
csr_addr  = 03c
csr_raddr = 01a
csr_wdata = 00000000
OLD VALUE = 00000000
FWD_DBG: t=1155 Rs1E=27 Rs2E=26 RdM=27 RdW=27 RWM=1 RWW=1 MRM=0 -> A=2 B=0
UVM_INFO ../UVM_VIP/rv32i_driver.sv(83) @ 1155: uvm_test_top.env.agent.driver [DRV_LOAD] Loading IMEM[63] = 00000013
PIPE_DBG: t=1165 ifid_v=0 idex_v=1 exmem_v=0 memwb_v=0 | idex_rd=0 idex_rs1=27 idex_rs2=26 | exmem_rd=27 exmem_rw=1 | memwb_rd=27 		    memwb_rw=1 | fwdA=2 fwdB=0
EXMEM_RD        = 0
EXMEM_RESULTSRC = 0
EXMEM_CSR_READ_CAPTURE: idex_csr_read_now=00000000

========== CSR WRITE ==========
TIME=1165
csr_we    = 0
csr_cmd   = 0
csr_addr  = 03c
csr_raddr = 01a
csr_wdata = 00000000
OLD VALUE = 00000000
FWD_DBG: t=1165 Rs1E=27 Rs2E=26 RdM=0 RdW=27 RWM=1 RWW=1 MRM=0 -> A=1 B=0
UVM_INFO ../UVM_VIP/rv32i_driver.sv(83) @ 1165: uvm_test_top.env.agent.driver [DRV_LOAD] Loading IMEM[63] = 00000013
PIPE_DBG: t=1175 ifid_v=0 idex_v=0 exmem_v=1 memwb_v=0 | idex_rd=0 idex_rs1=27 idex_rs2=26 | exmem_rd=0 exmem_rw=1 | memwb_rd=27 		    memwb_rw=1 | fwdA=1 fwdB=0
EXMEM : rd=0 pc4=0000005c alu=0000006e resultsrc=0
MEMWB_RD        = 0
MEMWB_RESULTSRC = 0
MEMWB_WDATA     = 0000003c

========== CSR WRITE ==========
TIME=1175
csr_we    = 0
csr_cmd   = 0
csr_addr  = 03c
csr_raddr = 01a
csr_wdata = 00000000
OLD VALUE = 00000000

========== CSR READ ==========
TIME=1175
csr_raddr = 000
csr_rdata = 00000000
FWD_DBG: t=1175 Rs1E=27 Rs2E=26 RdM=0 RdW=0 RWM=1 RWW=1 MRM=0 -> A=0 B=0
UVM_INFO ../UVM_VIP/rv32i_driver.sv(83) @ 1175: uvm_test_top.env.agent.driver [DRV_LOAD] Loading IMEM[63] = 00000013
PIPE_DBG: t=1185 ifid_v=1 idex_v=0 exmem_v=0 memwb_v=1 | idex_rd=0 idex_rs1=27 idex_rs2=26 | exmem_rd=0 exmem_rw=1 | memwb_rd=0 		    memwb_rw=1 | fwdA=0 fwdB=0
WB : rd=0 wdata=0000006e resultsrc=0
====================================
TIME=1185
Instruction = 00000013
IDEX_PC      = 00000058
IDEX_RV1     = 00000000
IDEX_RV2     = 00000032
IDEX_IMM     = 0000001a
ALU_A        = 00000000
ALU_B        = 00000032
ALU_CTRL     = 0
ALU_RES      = 00000032
========== ID/EX LOAD ==========
IFID_INSTR = 00000013
IMM_EXT    = 00000000
IMM_SRC    = 000
OPCODE     = 13
IDEX_CSR_READ_CAPTURE: instr=00000013 csr_rdata_now=00000000

========== CSR WRITE ==========
TIME=1185
csr_we    = 0
csr_cmd   = 0
csr_addr  = 01a
csr_raddr = 000
csr_wdata = 0000003c
OLD VALUE = 00000000
FWD_DBG: t=1185 Rs1E=0 Rs2E=0 RdM=0 RdW=0 RWM=1 RWW=1 MRM=0 -> A=0 B=0
UVM_INFO ../UVM_VIP/rv32i_driver.sv(83) @ 1185: uvm_test_top.env.agent.driver [DRV_LOAD] Loading IMEM[63] = 00000013
PIPE_DBG: t=1195 ifid_v=0 idex_v=1 exmem_v=0 memwb_v=0 | idex_rd=0 idex_rs1=0 idex_rs2=0 | exmem_rd=0 exmem_rw=1 | memwb_rd=0 		    memwb_rw=1 | fwdA=0 fwdB=0
EXMEM_RD        = 0
EXMEM_RESULTSRC = 0
EXMEM_CSR_READ_CAPTURE: idex_csr_read_now=00000000

========== CSR WRITE ==========
TIME=1195
csr_we    = 0
csr_cmd   = 0
csr_addr  = 01a
csr_raddr = 000
csr_wdata = 0000003c
OLD VALUE = 00000000
UVM_INFO ../UVM_VIP/rv32i_driver.sv(83) @ 1195: uvm_test_top.env.agent.driver [DRV_LOAD] Loading IMEM[63] = 00000013
PIPE_DBG: t=1205 ifid_v=0 idex_v=0 exmem_v=1 memwb_v=0 | idex_rd=0 idex_rs1=0 idex_rs2=0 | exmem_rd=0 exmem_rw=1 | memwb_rd=0 		    memwb_rw=1 | fwdA=0 fwdB=0
EXMEM : rd=0 pc4=00000060 alu=00000000 resultsrc=0
MEMWB_RD        = 0
MEMWB_RESULTSRC = 0
MEMWB_WDATA     = 0000006e

========== CSR WRITE ==========
TIME=1205
csr_we    = 0
csr_cmd   = 0
csr_addr  = 01a
csr_raddr = 000
csr_wdata = 0000003c
OLD VALUE = 00000000

========== CSR READ ==========
TIME=1205
csr_raddr = 005
csr_rdata = 00000000
UVM_INFO ../UVM_VIP/rv32i_driver.sv(83) @ 1205: uvm_test_top.env.agent.driver [DRV_LOAD] Loading IMEM[63] = 00000013
PIPE_DBG: t=1215 ifid_v=1 idex_v=0 exmem_v=0 memwb_v=1 | idex_rd=0 idex_rs1=0 idex_rs2=0 | exmem_rd=0 exmem_rw=1 | memwb_rd=0 		    memwb_rw=1 | fwdA=0 fwdB=0
WB : rd=0 wdata=00000000 resultsrc=0
====================================
TIME=1215
Instruction = 00500093
IDEX_PC      = 0000005c
IDEX_RV1     = 00000000
IDEX_RV2     = 00000000
IDEX_IMM     = 00000000
ALU_A        = 00000000
ALU_B        = 00000000
ALU_CTRL     = 0
ALU_RES      = 00000000
========== ID/EX LOAD ==========
IFID_INSTR = 00500093
IMM_EXT    = 00000005
IMM_SRC    = 000
OPCODE     = 13
IDEX_CSR_READ_CAPTURE: instr=00500093 csr_rdata_now=00000000

========== CSR WRITE ==========
TIME=1215
csr_we    = 0
csr_cmd   = 0
csr_addr  = 000
csr_raddr = 005
csr_wdata = 00000000
OLD VALUE = 00000000
FWD_DBG: t=1215 Rs1E=0 Rs2E=5 RdM=0 RdW=0 RWM=1 RWW=1 MRM=0 -> A=0 B=0
UVM_INFO ../UVM_VIP/rv32i_driver.sv(83) @ 1215: uvm_test_top.env.agent.driver [DRV_LOAD] Loading IMEM[63] = 00000013
PIPE_DBG: t=1225 ifid_v=0 idex_v=1 exmem_v=0 memwb_v=0 | idex_rd=1 idex_rs1=0 idex_rs2=5 | exmem_rd=0 exmem_rw=1 | memwb_rd=0 		    memwb_rw=1 | fwdA=0 fwdB=0
EXMEM_RD        = 1
EXMEM_RESULTSRC = 0
EXMEM_CSR_READ_CAPTURE: idex_csr_read_now=00000000

========== CSR WRITE ==========
TIME=1225
csr_we    = 0
csr_cmd   = 0
csr_addr  = 000
csr_raddr = 005
csr_wdata = 00000000
OLD VALUE = 00000000
FWD_DBG: t=1225 Rs1E=0 Rs2E=5 RdM=1 RdW=0 RWM=1 RWW=1 MRM=0 -> A=0 B=0
UVM_INFO ../UVM_VIP/rv32i_driver.sv(83) @ 1225: uvm_test_top.env.agent.driver [DRV_LOAD] Loading IMEM[63] = 00000013
PIPE_DBG: t=1235 ifid_v=0 idex_v=0 exmem_v=1 memwb_v=0 | idex_rd=1 idex_rs1=0 idex_rs2=5 | exmem_rd=1 exmem_rw=1 | memwb_rd=0 		    memwb_rw=1 | fwdA=0 fwdB=0
EXMEM : rd=1 pc4=00000064 alu=00000005 resultsrc=0
MEMWB_RD        = 1
MEMWB_RESULTSRC = 0
MEMWB_WDATA     = 00000000

========== CSR WRITE ==========
TIME=1235
csr_we    = 0
csr_cmd   = 0
csr_addr  = 000
csr_raddr = 005
csr_wdata = 00000000
OLD VALUE = 00000000

========== CSR READ ==========
TIME=1235
csr_raddr = 007
csr_rdata = 00000000
FWD_DBG: t=1235 Rs1E=0 Rs2E=5 RdM=1 RdW=1 RWM=1 RWW=1 MRM=0 -> A=0 B=0
UVM_INFO ../UVM_VIP/rv32i_driver.sv(83) @ 1235: uvm_test_top.env.agent.driver [DRV_LOAD] Loading IMEM[63] = 00000013
PIPE_DBG: t=1245 ifid_v=1 idex_v=0 exmem_v=0 memwb_v=1 | idex_rd=1 idex_rs1=0 idex_rs2=5 | exmem_rd=1 exmem_rw=1 | memwb_rd=1 		    memwb_rw=1 | fwdA=0 fwdB=0
WB : rd=1 wdata=00000005 resultsrc=0
====================================
TIME=1245
Instruction = 00700113
IDEX_PC      = 00000060
IDEX_RV1     = 00000000
IDEX_RV2     = 00000000
IDEX_IMM     = 00000005
ALU_A        = 00000000
ALU_B        = 00000005
ALU_CTRL     = 0
ALU_RES      = 00000005
========== ID/EX LOAD ==========
IFID_INSTR = 00700113
IMM_EXT    = 00000007
IMM_SRC    = 000
OPCODE     = 13
IDEX_CSR_READ_CAPTURE: instr=00700113 csr_rdata_now=00000000

========== CSR WRITE ==========
TIME=1245
csr_we    = 0
csr_cmd   = 0
csr_addr  = 005
csr_raddr = 007
csr_wdata = 00000000
OLD VALUE = 00000000
FWD_DBG: t=1245 Rs1E=0 Rs2E=7 RdM=1 RdW=1 RWM=1 RWW=1 MRM=0 -> A=0 B=0
UVM_INFO ../UVM_VIP/rv32i_driver.sv(83) @ 1245: uvm_test_top.env.agent.driver [DRV_LOAD] Loading IMEM[63] = 00000013
PIPE_DBG: t=1255 ifid_v=0 idex_v=1 exmem_v=0 memwb_v=0 | idex_rd=2 idex_rs1=0 idex_rs2=7 | exmem_rd=1 exmem_rw=1 | memwb_rd=1 		    memwb_rw=1 | fwdA=0 fwdB=0
EXMEM_RD        = 2
EXMEM_RESULTSRC = 0
EXMEM_CSR_READ_CAPTURE: idex_csr_read_now=00000000

========== CSR WRITE ==========
TIME=1255
csr_we    = 0
csr_cmd   = 0
csr_addr  = 005
csr_raddr = 007
csr_wdata = 00000000
OLD VALUE = 00000000
FWD_DBG: t=1255 Rs1E=0 Rs2E=7 RdM=2 RdW=1 RWM=1 RWW=1 MRM=0 -> A=0 B=0
UVM_INFO ../UVM_VIP/rv32i_driver.sv(83) @ 1255: uvm_test_top.env.agent.driver [DRV_LOAD] Loading IMEM[63] = 00000013
PIPE_DBG: t=1265 ifid_v=0 idex_v=0 exmem_v=1 memwb_v=0 | idex_rd=2 idex_rs1=0 idex_rs2=7 | exmem_rd=2 exmem_rw=1 | memwb_rd=1 		    memwb_rw=1 | fwdA=0 fwdB=0
EXMEM : rd=2 pc4=00000068 alu=00000007 resultsrc=0
MEMWB_RD        = 2
MEMWB_RESULTSRC = 0
MEMWB_WDATA     = 00000005

========== CSR WRITE ==========
TIME=1265
csr_we    = 0
csr_cmd   = 0
csr_addr  = 005
csr_raddr = 007
csr_wdata = 00000000
OLD VALUE = 00000000

========== CSR READ ==========
TIME=1265
csr_raddr = 00a
csr_rdata = 00000000
FWD_DBG: t=1265 Rs1E=0 Rs2E=7 RdM=2 RdW=2 RWM=1 RWW=1 MRM=0 -> A=0 B=0
UVM_INFO ../UVM_VIP/rv32i_driver.sv(83) @ 1265: uvm_test_top.env.agent.driver [DRV_LOAD] Loading IMEM[63] = 00000013
PIPE_DBG: t=1275 ifid_v=1 idex_v=0 exmem_v=0 memwb_v=1 | idex_rd=2 idex_rs1=0 idex_rs2=7 | exmem_rd=2 exmem_rw=1 | memwb_rd=2 		    memwb_rw=1 | fwdA=0 fwdB=0
WB : rd=2 wdata=00000007 resultsrc=0
====================================
TIME=1275
Instruction = 00a00193
IDEX_PC      = 00000064
IDEX_RV1     = 00000000
IDEX_RV2     = 00000000
IDEX_IMM     = 00000007
ALU_A        = 00000000
ALU_B        = 00000007
ALU_CTRL     = 0
ALU_RES      = 00000007
========== ID/EX LOAD ==========
IFID_INSTR = 00a00193
IMM_EXT    = 0000000a
IMM_SRC    = 000
OPCODE     = 13
IDEX_CSR_READ_CAPTURE: instr=00a00193 csr_rdata_now=00000000

========== CSR WRITE ==========
TIME=1275
csr_we    = 0
csr_cmd   = 0
csr_addr  = 007
csr_raddr = 00a
csr_wdata = 00000000
OLD VALUE = 00000000
FWD_DBG: t=1275 Rs1E=0 Rs2E=10 RdM=2 RdW=2 RWM=1 RWW=1 MRM=0 -> A=0 B=0
UVM_INFO ../UVM_VIP/rv32i_driver.sv(83) @ 1275: uvm_test_top.env.agent.driver [DRV_LOAD] Loading IMEM[63] = 00000013
PIPE_DBG: t=1285 ifid_v=0 idex_v=1 exmem_v=0 memwb_v=0 | idex_rd=3 idex_rs1=0 idex_rs2=10 | exmem_rd=2 exmem_rw=1 | memwb_rd=2 		    memwb_rw=1 | fwdA=0 fwdB=0
EXMEM_RD        = 3
EXMEM_RESULTSRC = 0
EXMEM_CSR_READ_CAPTURE: idex_csr_read_now=00000000

========== CSR WRITE ==========
TIME=1285
csr_we    = 0
csr_cmd   = 0
csr_addr  = 007
csr_raddr = 00a
csr_wdata = 00000000
OLD VALUE = 00000000
FWD_DBG: t=1285 Rs1E=0 Rs2E=10 RdM=3 RdW=2 RWM=1 RWW=1 MRM=0 -> A=0 B=0
UVM_INFO ../UVM_VIP/rv32i_driver.sv(83) @ 1285: uvm_test_top.env.agent.driver [DRV_LOAD] Loading IMEM[63] = 00000013
PIPE_DBG: t=1295 ifid_v=0 idex_v=0 exmem_v=1 memwb_v=0 | idex_rd=3 idex_rs1=0 idex_rs2=10 | exmem_rd=3 exmem_rw=1 | memwb_rd=2 		    memwb_rw=1 | fwdA=0 fwdB=0
EXMEM : rd=3 pc4=0000006c alu=0000000a resultsrc=0
MEMWB_RD        = 3
MEMWB_RESULTSRC = 0
MEMWB_WDATA     = 00000007

========== CSR WRITE ==========
TIME=1295
csr_we    = 0
csr_cmd   = 0
csr_addr  = 007
csr_raddr = 00a
csr_wdata = 00000000
OLD VALUE = 00000000

========== CSR READ ==========
TIME=1295
csr_raddr = 002
csr_rdata = 00000000
FWD_DBG: t=1295 Rs1E=0 Rs2E=10 RdM=3 RdW=3 RWM=1 RWW=1 MRM=0 -> A=0 B=0
UVM_INFO ../UVM_VIP/rv32i_driver.sv(83) @ 1295: uvm_test_top.env.agent.driver [DRV_LOAD] Loading IMEM[63] = 00000013
PIPE_DBG: t=1305 ifid_v=1 idex_v=0 exmem_v=0 memwb_v=1 | idex_rd=3 idex_rs1=0 idex_rs2=10 | exmem_rd=3 exmem_rw=1 | memwb_rd=3 		    memwb_rw=1 | fwdA=0 fwdB=0
WB : rd=3 wdata=0000000a resultsrc=0
====================================
TIME=1305
Instruction = 00208463
IDEX_PC      = 00000068
IDEX_RV1     = 00000000
IDEX_RV2     = 00000007
IDEX_IMM     = 0000000a
ALU_A        = 00000000
ALU_B        = 0000000a
ALU_CTRL     = 0
ALU_RES      = 0000000a
========== ID/EX LOAD ==========
IFID_INSTR = 00208463
IMM_EXT    = 00000008
IMM_SRC    = 010
OPCODE     = 63
IDEX_CSR_READ_CAPTURE: instr=00208463 csr_rdata_now=00000000

========== CSR WRITE ==========
TIME=1305
csr_we    = 0
csr_cmd   = 0
csr_addr  = 00a
csr_raddr = 002
csr_wdata = 00000000
OLD VALUE = 00000000
FWD_DBG: t=1305 Rs1E=1 Rs2E=2 RdM=3 RdW=3 RWM=1 RWW=1 MRM=0 -> A=0 B=0
UVM_INFO ../UVM_VIP/rv32i_driver.sv(83) @ 1305: uvm_test_top.env.agent.driver [DRV_LOAD] Loading IMEM[63] = 00000013
PIPE_DBG: t=1315 ifid_v=0 idex_v=1 exmem_v=0 memwb_v=0 | idex_rd=8 idex_rs1=1 idex_rs2=2 | exmem_rd=3 exmem_rw=1 | memwb_rd=3 		    memwb_rw=1 | fwdA=0 fwdB=0
EXMEM_RD        = 8
EXMEM_RESULTSRC = 0
EXMEM_CSR_READ_CAPTURE: idex_csr_read_now=00000000

========== CSR WRITE ==========
TIME=1315
csr_we    = 0
csr_cmd   = 0
csr_addr  = 00a
csr_raddr = 002
csr_wdata = 00000000
OLD VALUE = 00000000
FWD_DBG: t=1315 Rs1E=1 Rs2E=2 RdM=8 RdW=3 RWM=0 RWW=1 MRM=0 -> A=0 B=0
UVM_INFO ../UVM_VIP/rv32i_driver.sv(83) @ 1315: uvm_test_top.env.agent.driver [DRV_LOAD] Loading IMEM[63] = 00000013
PIPE_DBG: t=1325 ifid_v=0 idex_v=0 exmem_v=1 memwb_v=0 | idex_rd=8 idex_rs1=1 idex_rs2=2 | exmem_rd=8 exmem_rw=0 | memwb_rd=3 		    memwb_rw=1 | fwdA=0 fwdB=0
EXMEM : rd=8 pc4=00000070 alu=fffffffe resultsrc=0
MEMWB_RD        = 8
MEMWB_RESULTSRC = 0
MEMWB_WDATA     = 0000000a

========== CSR WRITE ==========
TIME=1325
csr_we    = 0
csr_cmd   = 0
csr_addr  = 00a
csr_raddr = 002
csr_wdata = 00000000
OLD VALUE = 00000000

========== CSR READ ==========
TIME=1325
csr_raddr = 06f
csr_rdata = 00000000
FWD_DBG: t=1325 Rs1E=1 Rs2E=2 RdM=8 RdW=8 RWM=0 RWW=0 MRM=0 -> A=0 B=0
UVM_INFO ../UVM_VIP/rv32i_driver.sv(83) @ 1325: uvm_test_top.env.agent.driver [DRV_LOAD] Loading IMEM[63] = 00000013
PIPE_DBG: t=1335 ifid_v=1 idex_v=0 exmem_v=0 memwb_v=1 | idex_rd=8 idex_rs1=1 idex_rs2=2 | exmem_rd=8 exmem_rw=0 | memwb_rd=8 		    memwb_rw=0 | fwdA=0 fwdB=0
WB : rd=8 wdata=fffffffe resultsrc=0
====================================
TIME=1335
Instruction = 06f00a13
IDEX_PC      = 0000006c
IDEX_RV1     = 00000005
IDEX_RV2     = 00000007
IDEX_IMM     = 00000008
ALU_A        = 00000005
ALU_B        = 00000007
ALU_CTRL     = 1
ALU_RES      = fffffffe
========== ID/EX LOAD ==========
IFID_INSTR = 06f00a13
IMM_EXT    = 0000006f
IMM_SRC    = 000
OPCODE     = 13
IDEX_CSR_READ_CAPTURE: instr=06f00a13 csr_rdata_now=00000000

========== CSR WRITE ==========
TIME=1335
csr_we    = 0
csr_cmd   = 0
csr_addr  = 002
csr_raddr = 06f
csr_wdata = 00000005
OLD VALUE = 00000000
FWD_DBG: t=1335 Rs1E=0 Rs2E=15 RdM=8 RdW=8 RWM=0 RWW=0 MRM=0 -> A=0 B=0
UVM_INFO ../UVM_VIP/rv32i_driver.sv(83) @ 1335: uvm_test_top.env.agent.driver [DRV_LOAD] Loading IMEM[63] = 00000013
PIPE_DBG: t=1345 ifid_v=0 idex_v=1 exmem_v=0 memwb_v=0 | idex_rd=20 idex_rs1=0 idex_rs2=15 | exmem_rd=8 exmem_rw=0 | memwb_rd=8 		    memwb_rw=0 | fwdA=0 fwdB=0
EXMEM_RD        = 20
EXMEM_RESULTSRC = 0
EXMEM_CSR_READ_CAPTURE: idex_csr_read_now=00000000

========== CSR WRITE ==========
TIME=1345
csr_we    = 0
csr_cmd   = 0
csr_addr  = 002
csr_raddr = 06f
csr_wdata = 00000005
OLD VALUE = 00000000
FWD_DBG: t=1345 Rs1E=0 Rs2E=15 RdM=20 RdW=8 RWM=1 RWW=0 MRM=0 -> A=0 B=0
UVM_INFO ../UVM_VIP/rv32i_driver.sv(83) @ 1345: uvm_test_top.env.agent.driver [DRV_LOAD] Loading IMEM[63] = 00000013
PIPE_DBG: t=1355 ifid_v=0 idex_v=0 exmem_v=1 memwb_v=0 | idex_rd=20 idex_rs1=0 idex_rs2=15 | exmem_rd=20 exmem_rw=1 | memwb_rd=8 		    memwb_rw=0 | fwdA=0 fwdB=0
EXMEM : rd=20 pc4=00000074 alu=0000006f resultsrc=0
MEMWB_RD        = 20
MEMWB_RESULTSRC = 0
MEMWB_WDATA     = fffffffe

========== CSR WRITE ==========
TIME=1355
csr_we    = 0
csr_cmd   = 0
csr_addr  = 002
csr_raddr = 06f
csr_wdata = 00000005
OLD VALUE = 00000000

========== CSR READ ==========
TIME=1355
csr_raddr = 000
csr_rdata = 00000000
FWD_DBG: t=1355 Rs1E=0 Rs2E=15 RdM=20 RdW=20 RWM=1 RWW=1 MRM=0 -> A=0 B=0
UVM_INFO ../UVM_VIP/rv32i_driver.sv(83) @ 1355: uvm_test_top.env.agent.driver [DRV_LOAD] Loading IMEM[63] = 00000013
PIPE_DBG: t=1365 ifid_v=1 idex_v=0 exmem_v=0 memwb_v=1 | idex_rd=20 idex_rs1=0 idex_rs2=15 | exmem_rd=20 exmem_rw=1 | memwb_rd=20 		    memwb_rw=1 | fwdA=0 fwdB=0
WB : rd=20 wdata=0000006f resultsrc=0
====================================
TIME=1365
Instruction = 00000013
IDEX_PC      = 00000070
IDEX_RV1     = 00000000
IDEX_RV2     = 00000000
IDEX_IMM     = 0000006f
ALU_A        = 00000000
ALU_B        = 0000006f
ALU_CTRL     = 0
ALU_RES      = 0000006f
========== ID/EX LOAD ==========
IFID_INSTR = 00000013
IMM_EXT    = 00000000
IMM_SRC    = 000
OPCODE     = 13
IDEX_CSR_READ_CAPTURE: instr=00000013 csr_rdata_now=00000000

========== CSR WRITE ==========
TIME=1365
csr_we    = 0
csr_cmd   = 0
csr_addr  = 06f
csr_raddr = 000
csr_wdata = 00000000
OLD VALUE = 00000000
FWD_DBG: t=1365 Rs1E=0 Rs2E=0 RdM=20 RdW=20 RWM=1 RWW=1 MRM=0 -> A=0 B=0
UVM_INFO ../UVM_VIP/rv32i_driver.sv(83) @ 1365: uvm_test_top.env.agent.driver [DRV_LOAD] Loading IMEM[63] = 00000013
PIPE_DBG: t=1375 ifid_v=0 idex_v=1 exmem_v=0 memwb_v=0 | idex_rd=0 idex_rs1=0 idex_rs2=0 | exmem_rd=20 exmem_rw=1 | memwb_rd=20 		    memwb_rw=1 | fwdA=0 fwdB=0
EXMEM_RD        = 0
EXMEM_RESULTSRC = 0
EXMEM_CSR_READ_CAPTURE: idex_csr_read_now=00000000

========== CSR WRITE ==========
TIME=1375
csr_we    = 0
csr_cmd   = 0
csr_addr  = 06f
csr_raddr = 000
csr_wdata = 00000000
OLD VALUE = 00000000
FWD_DBG: t=1375 Rs1E=0 Rs2E=0 RdM=0 RdW=20 RWM=1 RWW=1 MRM=0 -> A=0 B=0
UVM_INFO ../UVM_VIP/rv32i_driver.sv(83) @ 1375: uvm_test_top.env.agent.driver [DRV_LOAD] Loading IMEM[63] = 00000013
PIPE_DBG: t=1385 ifid_v=0 idex_v=0 exmem_v=1 memwb_v=0 | idex_rd=0 idex_rs1=0 idex_rs2=0 | exmem_rd=0 exmem_rw=1 | memwb_rd=20 		    memwb_rw=1 | fwdA=0 fwdB=0
EXMEM : rd=0 pc4=00000078 alu=00000000 resultsrc=0
MEMWB_RD        = 0
MEMWB_RESULTSRC = 0
MEMWB_WDATA     = 0000006f

========== CSR WRITE ==========
TIME=1385
csr_we    = 0
csr_cmd   = 0
csr_addr  = 06f
csr_raddr = 000
csr_wdata = 00000000
OLD VALUE = 00000000

========== CSR READ ==========
TIME=1385
csr_raddr = 002
csr_rdata = 00000000
FWD_DBG: t=1385 Rs1E=0 Rs2E=0 RdM=0 RdW=0 RWM=1 RWW=1 MRM=0 -> A=0 B=0
UVM_INFO ../UVM_VIP/rv32i_driver.sv(83) @ 1385: uvm_test_top.env.agent.driver [DRV_LOAD] Loading IMEM[63] = 00000013
PIPE_DBG: t=1395 ifid_v=1 idex_v=0 exmem_v=0 memwb_v=1 | idex_rd=0 idex_rs1=0 idex_rs2=0 | exmem_rd=0 exmem_rw=1 | memwb_rd=0 		    memwb_rw=1 | fwdA=0 fwdB=0
WB : rd=0 wdata=00000000 resultsrc=0
====================================
TIME=1395
Instruction = 00209463
IDEX_PC      = 00000074
IDEX_RV1     = 00000000
IDEX_RV2     = 00000000
IDEX_IMM     = 00000000
ALU_A        = 00000000
ALU_B        = 00000000
ALU_CTRL     = 0
ALU_RES      = 00000000
========== ID/EX LOAD ==========
IFID_INSTR = 00209463
IMM_EXT    = 00000008
IMM_SRC    = 010
OPCODE     = 63
IDEX_CSR_READ_CAPTURE: instr=00209463 csr_rdata_now=00000000

========== CSR WRITE ==========
TIME=1395
csr_we    = 0
csr_cmd   = 0
csr_addr  = 000
csr_raddr = 002
csr_wdata = 00000000
OLD VALUE = 00000000
FWD_DBG: t=1395 Rs1E=1 Rs2E=2 RdM=0 RdW=0 RWM=1 RWW=1 MRM=0 -> A=0 B=0
UVM_INFO ../UVM_VIP/rv32i_driver.sv(83) @ 1395: uvm_test_top.env.agent.driver [DRV_LOAD] Loading IMEM[63] = 00000013
PIPE_DBG: t=1405 ifid_v=0 idex_v=1 exmem_v=0 memwb_v=0 | idex_rd=8 idex_rs1=1 idex_rs2=2 | exmem_rd=0 exmem_rw=1 | memwb_rd=0 		    memwb_rw=1 | fwdA=0 fwdB=0
EXMEM_RD        = 8
EXMEM_RESULTSRC = 0
EXMEM_CSR_READ_CAPTURE: idex_csr_read_now=00000000

========== CSR WRITE ==========
TIME=1405
csr_we    = 0
csr_cmd   = 0
csr_addr  = 000
csr_raddr = 002
csr_wdata = 00000000
OLD VALUE = 00000000
FWD_DBG: t=1405 Rs1E=1 Rs2E=2 RdM=8 RdW=0 RWM=0 RWW=1 MRM=0 -> A=0 B=0
UVM_INFO ../UVM_VIP/rv32i_driver.sv(83) @ 1405: uvm_test_top.env.agent.driver [DRV_LOAD] Loading IMEM[63] = 00000013
PIPE_DBG: t=1415 ifid_v=0 idex_v=0 exmem_v=1 memwb_v=0 | idex_rd=8 idex_rs1=1 idex_rs2=2 | exmem_rd=8 exmem_rw=0 | memwb_rd=0 		    memwb_rw=1 | fwdA=0 fwdB=0
EXMEM : rd=8 pc4=0000007c alu=fffffffe resultsrc=0
MEMWB_RD        = 8
MEMWB_RESULTSRC = 0
MEMWB_WDATA     = 00000000

========== CSR WRITE ==========
TIME=1415
csr_we    = 0
csr_cmd   = 0
csr_addr  = 000
csr_raddr = 002
csr_wdata = 00000000
OLD VALUE = 00000000
FWD_DBG: t=1415 Rs1E=1 Rs2E=2 RdM=8 RdW=8 RWM=0 RWW=0 MRM=0 -> A=0 B=0
UVM_INFO ../UVM_VIP/rv32i_driver.sv(83) @ 1415: uvm_test_top.env.agent.driver [DRV_LOAD] Loading IMEM[63] = 00000013
PIPE_DBG: t=1425 ifid_v=0 idex_v=0 exmem_v=0 memwb_v=1 | idex_rd=8 idex_rs1=1 idex_rs2=2 | exmem_rd=8 exmem_rw=0 | memwb_rd=8 		    memwb_rw=0 | fwdA=0 fwdB=0
WB : rd=8 wdata=fffffffe resultsrc=0
====================================
TIME=1425
Instruction = 00209463
IDEX_PC      = 00000078
IDEX_RV1     = 00000005
IDEX_RV2     = 00000007
IDEX_IMM     = 00000008
ALU_A        = 00000005
ALU_B        = 00000007
ALU_CTRL     = 1
ALU_RES      = fffffffe

========== CSR WRITE ==========
TIME=1425
csr_we    = 0
csr_cmd   = 0
csr_addr  = 002
csr_raddr = 002
csr_wdata = 00000005
OLD VALUE = 00000000

========== CSR READ ==========
TIME=1425
csr_raddr = 000
csr_rdata = 00000000
UVM_INFO ../UVM_VIP/rv32i_driver.sv(83) @ 1425: uvm_test_top.env.agent.driver [DRV_LOAD] Loading IMEM[63] = 00000013
PIPE_DBG: t=1435 ifid_v=1 idex_v=0 exmem_v=0 memwb_v=0 | idex_rd=8 idex_rs1=1 idex_rs2=2 | exmem_rd=8 exmem_rw=0 | memwb_rd=8 		    memwb_rw=0 | fwdA=0 fwdB=0
========== ID/EX LOAD ==========
IFID_INSTR = 00000013
IMM_EXT    = 00000000
IMM_SRC    = 000
OPCODE     = 13
IDEX_CSR_READ_CAPTURE: instr=00000013 csr_rdata_now=00000000

========== CSR WRITE ==========
TIME=1435
csr_we    = 0
csr_cmd   = 0
csr_addr  = 002
csr_raddr = 000
csr_wdata = 00000005
OLD VALUE = 00000000
FWD_DBG: t=1435 Rs1E=0 Rs2E=0 RdM=8 RdW=8 RWM=0 RWW=0 MRM=0 -> A=0 B=0
UVM_INFO ../UVM_VIP/rv32i_driver.sv(83) @ 1435: uvm_test_top.env.agent.driver [DRV_LOAD] Loading IMEM[63] = 00000013
PIPE_DBG: t=1445 ifid_v=0 idex_v=1 exmem_v=0 memwb_v=0 | idex_rd=0 idex_rs1=0 idex_rs2=0 | exmem_rd=8 exmem_rw=0 | memwb_rd=8 		    memwb_rw=0 | fwdA=0 fwdB=0
EXMEM_RD        = 0
EXMEM_RESULTSRC = 0
EXMEM_CSR_READ_CAPTURE: idex_csr_read_now=00000000

========== CSR WRITE ==========
TIME=1445
csr_we    = 0
csr_cmd   = 0
csr_addr  = 002
csr_raddr = 000
csr_wdata = 00000005
OLD VALUE = 00000000
FWD_DBG: t=1445 Rs1E=0 Rs2E=0 RdM=0 RdW=8 RWM=1 RWW=0 MRM=0 -> A=0 B=0
UVM_INFO ../UVM_VIP/rv32i_driver.sv(83) @ 1445: uvm_test_top.env.agent.driver [DRV_LOAD] Loading IMEM[63] = 00000013
PIPE_DBG: t=1455 ifid_v=0 idex_v=0 exmem_v=1 memwb_v=0 | idex_rd=0 idex_rs1=0 idex_rs2=0 | exmem_rd=0 exmem_rw=1 | memwb_rd=8 		    memwb_rw=0 | fwdA=0 fwdB=0
EXMEM : rd=0 pc4=00000084 alu=00000000 resultsrc=0
MEMWB_RD        = 0
MEMWB_RESULTSRC = 0
MEMWB_WDATA     = fffffffe

========== CSR WRITE ==========
TIME=1455
csr_we    = 0
csr_cmd   = 0
csr_addr  = 002
csr_raddr = 000
csr_wdata = 00000005
OLD VALUE = 00000000

========== CSR READ ==========
TIME=1455
csr_raddr = 001
csr_rdata = 00000000
FWD_DBG: t=1455 Rs1E=0 Rs2E=0 RdM=0 RdW=0 RWM=1 RWW=1 MRM=0 -> A=0 B=0
UVM_INFO ../UVM_VIP/rv32i_driver.sv(83) @ 1455: uvm_test_top.env.agent.driver [DRV_LOAD] Loading IMEM[63] = 00000013
PIPE_DBG: t=1465 ifid_v=1 idex_v=0 exmem_v=0 memwb_v=1 | idex_rd=0 idex_rs1=0 idex_rs2=0 | exmem_rd=0 exmem_rw=1 | memwb_rd=0 		    memwb_rw=1 | fwdA=0 fwdB=0
WB : rd=0 wdata=00000000 resultsrc=0
====================================
TIME=1465
Instruction = 0011c463
IDEX_PC      = 00000080
IDEX_RV1     = 00000000
IDEX_RV2     = 00000000
IDEX_IMM     = 00000000
ALU_A        = 00000000
ALU_B        = 00000000
ALU_CTRL     = 0
ALU_RES      = 00000000
========== ID/EX LOAD ==========
IFID_INSTR = 0011c463
IMM_EXT    = 00000008
IMM_SRC    = 010
OPCODE     = 63
IDEX_CSR_READ_CAPTURE: instr=0011c463 csr_rdata_now=00000000

========== CSR WRITE ==========
TIME=1465
csr_we    = 0
csr_cmd   = 0
csr_addr  = 000
csr_raddr = 001
csr_wdata = 00000000
OLD VALUE = 00000000
FWD_DBG: t=1465 Rs1E=3 Rs2E=1 RdM=0 RdW=0 RWM=1 RWW=1 MRM=0 -> A=0 B=0
UVM_INFO ../UVM_VIP/rv32i_driver.sv(83) @ 1465: uvm_test_top.env.agent.driver [DRV_LOAD] Loading IMEM[63] = 00000013
PIPE_DBG: t=1475 ifid_v=0 idex_v=1 exmem_v=0 memwb_v=0 | idex_rd=8 idex_rs1=3 idex_rs2=1 | exmem_rd=0 exmem_rw=1 | memwb_rd=0 		    memwb_rw=1 | fwdA=0 fwdB=0
EXMEM_RD        = 8
EXMEM_RESULTSRC = 0
EXMEM_CSR_READ_CAPTURE: idex_csr_read_now=00000000

========== CSR WRITE ==========
TIME=1475
csr_we    = 0
csr_cmd   = 0
csr_addr  = 000
csr_raddr = 001
csr_wdata = 00000000
OLD VALUE = 00000000
FWD_DBG: t=1475 Rs1E=3 Rs2E=1 RdM=8 RdW=0 RWM=0 RWW=1 MRM=0 -> A=0 B=0
UVM_INFO ../UVM_VIP/rv32i_driver.sv(83) @ 1475: uvm_test_top.env.agent.driver [DRV_LOAD] Loading IMEM[63] = 00000013
PIPE_DBG: t=1485 ifid_v=0 idex_v=0 exmem_v=1 memwb_v=0 | idex_rd=8 idex_rs1=3 idex_rs2=1 | exmem_rd=8 exmem_rw=0 | memwb_rd=0 		    memwb_rw=1 | fwdA=0 fwdB=0
EXMEM : rd=8 pc4=00000088 alu=00000005 resultsrc=0
MEMWB_RD        = 8
MEMWB_RESULTSRC = 0
MEMWB_WDATA     = 00000000

========== CSR WRITE ==========
TIME=1485
csr_we    = 0
csr_cmd   = 0
csr_addr  = 000
csr_raddr = 001
csr_wdata = 00000000
OLD VALUE = 00000000

========== CSR READ ==========
TIME=1485
csr_raddr = 06f
csr_rdata = 00000000
FWD_DBG: t=1485 Rs1E=3 Rs2E=1 RdM=8 RdW=8 RWM=0 RWW=0 MRM=0 -> A=0 B=0
UVM_INFO ../UVM_VIP/rv32i_driver.sv(83) @ 1485: uvm_test_top.env.agent.driver [DRV_LOAD] Loading IMEM[63] = 00000013
PIPE_DBG: t=1495 ifid_v=1 idex_v=0 exmem_v=0 memwb_v=1 | idex_rd=8 idex_rs1=3 idex_rs2=1 | exmem_rd=8 exmem_rw=0 | memwb_rd=8 		    memwb_rw=0 | fwdA=0 fwdB=0
WB : rd=8 wdata=00000005 resultsrc=0
====================================
TIME=1495
Instruction = 06f00b13
IDEX_PC      = 00000084
IDEX_RV1     = 0000000a
IDEX_RV2     = 00000005
IDEX_IMM     = 00000008
ALU_A        = 0000000a
ALU_B        = 00000005
ALU_CTRL     = 1
ALU_RES      = 00000005
========== ID/EX LOAD ==========
IFID_INSTR = 06f00b13
IMM_EXT    = 0000006f
IMM_SRC    = 000
OPCODE     = 13
IDEX_CSR_READ_CAPTURE: instr=06f00b13 csr_rdata_now=00000000

========== CSR WRITE ==========
TIME=1495
csr_we    = 0
csr_cmd   = 0
csr_addr  = 001
csr_raddr = 06f
csr_wdata = 00000003
OLD VALUE = 00000000
FWD_DBG: t=1495 Rs1E=0 Rs2E=15 RdM=8 RdW=8 RWM=0 RWW=0 MRM=0 -> A=0 B=0
UVM_INFO ../UVM_VIP/rv32i_driver.sv(83) @ 1495: uvm_test_top.env.agent.driver [DRV_LOAD] Loading IMEM[63] = 00000013
PIPE_DBG: t=1505 ifid_v=0 idex_v=1 exmem_v=0 memwb_v=0 | idex_rd=22 idex_rs1=0 idex_rs2=15 | exmem_rd=8 exmem_rw=0 | memwb_rd=8 		    memwb_rw=0 | fwdA=0 fwdB=0
EXMEM_RD        = 22
EXMEM_RESULTSRC = 0
EXMEM_CSR_READ_CAPTURE: idex_csr_read_now=00000000

========== CSR WRITE ==========
TIME=1505
csr_we    = 0
csr_cmd   = 0
csr_addr  = 001
csr_raddr = 06f
csr_wdata = 00000003
OLD VALUE = 00000000
FWD_DBG: t=1505 Rs1E=0 Rs2E=15 RdM=22 RdW=8 RWM=1 RWW=0 MRM=0 -> A=0 B=0
UVM_INFO ../UVM_VIP/rv32i_driver.sv(83) @ 1505: uvm_test_top.env.agent.driver [DRV_LOAD] Loading IMEM[63] = 00000013
PIPE_DBG: t=1515 ifid_v=0 idex_v=0 exmem_v=1 memwb_v=0 | idex_rd=22 idex_rs1=0 idex_rs2=15 | exmem_rd=22 exmem_rw=1 | memwb_rd=8 		    memwb_rw=0 | fwdA=0 fwdB=0
EXMEM : rd=22 pc4=0000008c alu=0000006f resultsrc=0
MEMWB_RD        = 22
MEMWB_RESULTSRC = 0
MEMWB_WDATA     = 00000005

========== CSR WRITE ==========
TIME=1515
csr_we    = 0
csr_cmd   = 0
csr_addr  = 001
csr_raddr = 06f
csr_wdata = 00000003
OLD VALUE = 00000000

========== CSR READ ==========
TIME=1515
csr_raddr = 000
csr_rdata = 00000000
FWD_DBG: t=1515 Rs1E=0 Rs2E=15 RdM=22 RdW=22 RWM=1 RWW=1 MRM=0 -> A=0 B=0
UVM_INFO ../UVM_VIP/rv32i_driver.sv(83) @ 1515: uvm_test_top.env.agent.driver [DRV_LOAD] Loading IMEM[63] = 00000013
PIPE_DBG: t=1525 ifid_v=1 idex_v=0 exmem_v=0 memwb_v=1 | idex_rd=22 idex_rs1=0 idex_rs2=15 | exmem_rd=22 exmem_rw=1 | memwb_rd=22 		    memwb_rw=1 | fwdA=0 fwdB=0
WB : rd=22 wdata=0000006f resultsrc=0
====================================
TIME=1525
Instruction = 00000013
IDEX_PC      = 00000088
IDEX_RV1     = 00000000
IDEX_RV2     = 00000000
IDEX_IMM     = 0000006f
ALU_A        = 00000000
ALU_B        = 0000006f
ALU_CTRL     = 0
ALU_RES      = 0000006f
========== ID/EX LOAD ==========
IFID_INSTR = 00000013
IMM_EXT    = 00000000
IMM_SRC    = 000
OPCODE     = 13
IDEX_CSR_READ_CAPTURE: instr=00000013 csr_rdata_now=00000000

========== CSR WRITE ==========
TIME=1525
csr_we    = 0
csr_cmd   = 0
csr_addr  = 06f
csr_raddr = 000
csr_wdata = 00000000
OLD VALUE = 00000000
FWD_DBG: t=1525 Rs1E=0 Rs2E=0 RdM=22 RdW=22 RWM=1 RWW=1 MRM=0 -> A=0 B=0
UVM_INFO ../UVM_VIP/rv32i_driver.sv(83) @ 1525: uvm_test_top.env.agent.driver [DRV_LOAD] Loading IMEM[63] = 00000013
PIPE_DBG: t=1535 ifid_v=0 idex_v=1 exmem_v=0 memwb_v=0 | idex_rd=0 idex_rs1=0 idex_rs2=0 | exmem_rd=22 exmem_rw=1 | memwb_rd=22 		    memwb_rw=1 | fwdA=0 fwdB=0
EXMEM_RD        = 0
EXMEM_RESULTSRC = 0
EXMEM_CSR_READ_CAPTURE: idex_csr_read_now=00000000

========== CSR WRITE ==========
TIME=1535
csr_we    = 0
csr_cmd   = 0
csr_addr  = 06f
csr_raddr = 000
csr_wdata = 00000000
OLD VALUE = 00000000
FWD_DBG: t=1535 Rs1E=0 Rs2E=0 RdM=0 RdW=22 RWM=1 RWW=1 MRM=0 -> A=0 B=0
UVM_INFO ../UVM_VIP/rv32i_driver.sv(83) @ 1535: uvm_test_top.env.agent.driver [DRV_LOAD] Loading IMEM[63] = 00000013
PIPE_DBG: t=1545 ifid_v=0 idex_v=0 exmem_v=1 memwb_v=0 | idex_rd=0 idex_rs1=0 idex_rs2=0 | exmem_rd=0 exmem_rw=1 | memwb_rd=22 		    memwb_rw=1 | fwdA=0 fwdB=0
EXMEM : rd=0 pc4=00000090 alu=00000000 resultsrc=0
MEMWB_RD        = 0
MEMWB_RESULTSRC = 0
MEMWB_WDATA     = 0000006f

========== CSR WRITE ==========
TIME=1545
csr_we    = 0
csr_cmd   = 0
csr_addr  = 06f
csr_raddr = 000
csr_wdata = 00000000
OLD VALUE = 00000000

========== CSR READ ==========
TIME=1545
csr_raddr = 003
csr_rdata = 00000000
FWD_DBG: t=1545 Rs1E=0 Rs2E=0 RdM=0 RdW=0 RWM=1 RWW=1 MRM=0 -> A=0 B=0
UVM_INFO ../UVM_VIP/rv32i_driver.sv(83) @ 1545: uvm_test_top.env.agent.driver [DRV_LOAD] Loading IMEM[63] = 00000013
PIPE_DBG: t=1555 ifid_v=1 idex_v=0 exmem_v=0 memwb_v=1 | idex_rd=0 idex_rs1=0 idex_rs2=0 | exmem_rd=0 exmem_rw=1 | memwb_rd=0 		    memwb_rw=1 | fwdA=0 fwdB=0
WB : rd=0 wdata=00000000 resultsrc=0
====================================
TIME=1555
Instruction = 0030d463
IDEX_PC      = 0000008c
IDEX_RV1     = 00000000
IDEX_RV2     = 00000000
IDEX_IMM     = 00000000
ALU_A        = 00000000
ALU_B        = 00000000
ALU_CTRL     = 0
ALU_RES      = 00000000
========== ID/EX LOAD ==========
IFID_INSTR = 0030d463
IMM_EXT    = 00000008
IMM_SRC    = 010
OPCODE     = 63
IDEX_CSR_READ_CAPTURE: instr=0030d463 csr_rdata_now=00000000

========== CSR WRITE ==========
TIME=1555
csr_we    = 0
csr_cmd   = 0
csr_addr  = 000
csr_raddr = 003
csr_wdata = 00000000
OLD VALUE = 00000000
FWD_DBG: t=1555 Rs1E=1 Rs2E=3 RdM=0 RdW=0 RWM=1 RWW=1 MRM=0 -> A=0 B=0
UVM_INFO ../UVM_VIP/rv32i_driver.sv(83) @ 1555: uvm_test_top.env.agent.driver [DRV_LOAD] Loading IMEM[63] = 00000013
PIPE_DBG: t=1565 ifid_v=0 idex_v=1 exmem_v=0 memwb_v=0 | idex_rd=8 idex_rs1=1 idex_rs2=3 | exmem_rd=0 exmem_rw=1 | memwb_rd=0 		    memwb_rw=1 | fwdA=0 fwdB=0
EXMEM_RD        = 8
EXMEM_RESULTSRC = 0
EXMEM_CSR_READ_CAPTURE: idex_csr_read_now=00000000

========== CSR WRITE ==========
TIME=1565
csr_we    = 0
csr_cmd   = 0
csr_addr  = 000
csr_raddr = 003
csr_wdata = 00000000
OLD VALUE = 00000000
FWD_DBG: t=1565 Rs1E=1 Rs2E=3 RdM=8 RdW=0 RWM=0 RWW=1 MRM=0 -> A=0 B=0
UVM_INFO ../UVM_VIP/rv32i_driver.sv(83) @ 1565: uvm_test_top.env.agent.driver [DRV_LOAD] Loading IMEM[63] = 00000013
PIPE_DBG: t=1575 ifid_v=0 idex_v=0 exmem_v=1 memwb_v=0 | idex_rd=8 idex_rs1=1 idex_rs2=3 | exmem_rd=8 exmem_rw=0 | memwb_rd=0 		    memwb_rw=1 | fwdA=0 fwdB=0
EXMEM : rd=8 pc4=00000094 alu=fffffffb resultsrc=0
MEMWB_RD        = 8
MEMWB_RESULTSRC = 0
MEMWB_WDATA     = 00000000

========== CSR WRITE ==========
TIME=1575
csr_we    = 0
csr_cmd   = 0
csr_addr  = 000
csr_raddr = 003
csr_wdata = 00000000
OLD VALUE = 00000000

========== CSR READ ==========
TIME=1575
csr_raddr = 06f
csr_rdata = 00000000
FWD_DBG: t=1575 Rs1E=1 Rs2E=3 RdM=8 RdW=8 RWM=0 RWW=0 MRM=0 -> A=0 B=0
UVM_INFO ../UVM_VIP/rv32i_driver.sv(83) @ 1575: uvm_test_top.env.agent.driver [DRV_LOAD] Loading IMEM[63] = 00000013
PIPE_DBG: t=1585 ifid_v=1 idex_v=0 exmem_v=0 memwb_v=1 | idex_rd=8 idex_rs1=1 idex_rs2=3 | exmem_rd=8 exmem_rw=0 | memwb_rd=8 		    memwb_rw=0 | fwdA=0 fwdB=0
WB : rd=8 wdata=fffffffb resultsrc=0
====================================
TIME=1585
Instruction = 06f00b93
IDEX_PC      = 00000090
IDEX_RV1     = 00000005
IDEX_RV2     = 0000000a
IDEX_IMM     = 00000008
ALU_A        = 00000005
ALU_B        = 0000000a
ALU_CTRL     = 1
ALU_RES      = fffffffb
========== ID/EX LOAD ==========
IFID_INSTR = 06f00b93
IMM_EXT    = 0000006f
IMM_SRC    = 000
OPCODE     = 13
IDEX_CSR_READ_CAPTURE: instr=06f00b93 csr_rdata_now=00000000

========== CSR WRITE ==========
TIME=1585
csr_we    = 0
csr_cmd   = 0
csr_addr  = 003
csr_raddr = 06f
csr_wdata = 00000001
OLD VALUE = 00000000
FWD_DBG: t=1585 Rs1E=0 Rs2E=15 RdM=8 RdW=8 RWM=0 RWW=0 MRM=0 -> A=0 B=0
UVM_INFO ../UVM_VIP/rv32i_driver.sv(83) @ 1585: uvm_test_top.env.agent.driver [DRV_LOAD] Loading IMEM[63] = 00000013
PIPE_DBG: t=1595 ifid_v=0 idex_v=1 exmem_v=0 memwb_v=0 | idex_rd=23 idex_rs1=0 idex_rs2=15 | exmem_rd=8 exmem_rw=0 | memwb_rd=8 		    memwb_rw=0 | fwdA=0 fwdB=0
EXMEM_RD        = 23
EXMEM_RESULTSRC = 0
EXMEM_CSR_READ_CAPTURE: idex_csr_read_now=00000000

========== CSR WRITE ==========
TIME=1595
csr_we    = 0
csr_cmd   = 0
csr_addr  = 003
csr_raddr = 06f
csr_wdata = 00000001
OLD VALUE = 00000000
FWD_DBG: t=1595 Rs1E=0 Rs2E=15 RdM=23 RdW=8 RWM=1 RWW=0 MRM=0 -> A=0 B=0
UVM_INFO ../UVM_VIP/rv32i_driver.sv(83) @ 1595: uvm_test_top.env.agent.driver [DRV_LOAD] Loading IMEM[63] = 00000013
PIPE_DBG: t=1605 ifid_v=0 idex_v=0 exmem_v=1 memwb_v=0 | idex_rd=23 idex_rs1=0 idex_rs2=15 | exmem_rd=23 exmem_rw=1 | memwb_rd=8 		    memwb_rw=0 | fwdA=0 fwdB=0
EXMEM : rd=23 pc4=00000098 alu=0000006f resultsrc=0
MEMWB_RD        = 23
MEMWB_RESULTSRC = 0
MEMWB_WDATA     = fffffffb

========== CSR WRITE ==========
TIME=1605
csr_we    = 0
csr_cmd   = 0
csr_addr  = 003
csr_raddr = 06f
csr_wdata = 00000001
OLD VALUE = 00000000

========== CSR READ ==========
TIME=1605
csr_raddr = 000
csr_rdata = 00000000
FWD_DBG: t=1605 Rs1E=0 Rs2E=15 RdM=23 RdW=23 RWM=1 RWW=1 MRM=0 -> A=0 B=0
UVM_INFO ../UVM_VIP/rv32i_driver.sv(83) @ 1605: uvm_test_top.env.agent.driver [DRV_LOAD] Loading IMEM[63] = 00000013
PIPE_DBG: t=1615 ifid_v=1 idex_v=0 exmem_v=0 memwb_v=1 | idex_rd=23 idex_rs1=0 idex_rs2=15 | exmem_rd=23 exmem_rw=1 | memwb_rd=23 		    memwb_rw=1 | fwdA=0 fwdB=0
WB : rd=23 wdata=0000006f resultsrc=0
====================================
TIME=1615
Instruction = 00000013
IDEX_PC      = 00000094
IDEX_RV1     = 00000000
IDEX_RV2     = 00000000
IDEX_IMM     = 0000006f
ALU_A        = 00000000
ALU_B        = 0000006f
ALU_CTRL     = 0
ALU_RES      = 0000006f
========== ID/EX LOAD ==========
IFID_INSTR = 00000013
IMM_EXT    = 00000000
IMM_SRC    = 000
OPCODE     = 13
IDEX_CSR_READ_CAPTURE: instr=00000013 csr_rdata_now=00000000

========== CSR WRITE ==========
TIME=1615
csr_we    = 0
csr_cmd   = 0
csr_addr  = 06f
csr_raddr = 000
csr_wdata = 00000000
OLD VALUE = 00000000
FWD_DBG: t=1615 Rs1E=0 Rs2E=0 RdM=23 RdW=23 RWM=1 RWW=1 MRM=0 -> A=0 B=0
UVM_INFO ../UVM_VIP/rv32i_driver.sv(83) @ 1615: uvm_test_top.env.agent.driver [DRV_LOAD] Loading IMEM[63] = 00000013
PIPE_DBG: t=1625 ifid_v=0 idex_v=1 exmem_v=0 memwb_v=0 | idex_rd=0 idex_rs1=0 idex_rs2=0 | exmem_rd=23 exmem_rw=1 | memwb_rd=23 		    memwb_rw=1 | fwdA=0 fwdB=0
EXMEM_RD        = 0
EXMEM_RESULTSRC = 0
EXMEM_CSR_READ_CAPTURE: idex_csr_read_now=00000000

========== CSR WRITE ==========
TIME=1625
csr_we    = 0
csr_cmd   = 0
csr_addr  = 06f
csr_raddr = 000
csr_wdata = 00000000
OLD VALUE = 00000000
FWD_DBG: t=1625 Rs1E=0 Rs2E=0 RdM=0 RdW=23 RWM=1 RWW=1 MRM=0 -> A=0 B=0
UVM_INFO ../UVM_VIP/rv32i_driver.sv(83) @ 1625: uvm_test_top.env.agent.driver [DRV_LOAD] Loading IMEM[63] = 00000013
PIPE_DBG: t=1635 ifid_v=0 idex_v=0 exmem_v=1 memwb_v=0 | idex_rd=0 idex_rs1=0 idex_rs2=0 | exmem_rd=0 exmem_rw=1 | memwb_rd=23 		    memwb_rw=1 | fwdA=0 fwdB=0
EXMEM : rd=0 pc4=0000009c alu=00000000 resultsrc=0
MEMWB_RD        = 0
MEMWB_RESULTSRC = 0
MEMWB_WDATA     = 0000006f

========== CSR WRITE ==========
TIME=1635
csr_we    = 0
csr_cmd   = 0
csr_addr  = 06f
csr_raddr = 000
csr_wdata = 00000000
OLD VALUE = 00000000

========== CSR READ ==========
TIME=1635
csr_raddr = 001
csr_rdata = 00000000
FWD_DBG: t=1635 Rs1E=0 Rs2E=0 RdM=0 RdW=0 RWM=1 RWW=1 MRM=0 -> A=0 B=0
UVM_INFO ../UVM_VIP/rv32i_driver.sv(83) @ 1635: uvm_test_top.env.agent.driver [DRV_LOAD] Loading IMEM[63] = 00000013
PIPE_DBG: t=1645 ifid_v=1 idex_v=0 exmem_v=0 memwb_v=1 | idex_rd=0 idex_rs1=0 idex_rs2=0 | exmem_rd=0 exmem_rw=1 | memwb_rd=0 		    memwb_rw=1 | fwdA=0 fwdB=0
WB : rd=0 wdata=00000000 resultsrc=0
====================================
TIME=1645
Instruction = 0011e463
IDEX_PC      = 00000098
IDEX_RV1     = 00000000
IDEX_RV2     = 00000000
IDEX_IMM     = 00000000
ALU_A        = 00000000
ALU_B        = 00000000
ALU_CTRL     = 0
ALU_RES      = 00000000
========== ID/EX LOAD ==========
IFID_INSTR = 0011e463
IMM_EXT    = 00000008
IMM_SRC    = 010
OPCODE     = 63
IDEX_CSR_READ_CAPTURE: instr=0011e463 csr_rdata_now=00000000

========== CSR WRITE ==========
TIME=1645
csr_we    = 0
csr_cmd   = 0
csr_addr  = 000
csr_raddr = 001
csr_wdata = 00000000
OLD VALUE = 00000000
FWD_DBG: t=1645 Rs1E=3 Rs2E=1 RdM=0 RdW=0 RWM=1 RWW=1 MRM=0 -> A=0 B=0
UVM_INFO ../UVM_VIP/rv32i_driver.sv(83) @ 1645: uvm_test_top.env.agent.driver [DRV_LOAD] Loading IMEM[63] = 00000013
PIPE_DBG: t=1655 ifid_v=0 idex_v=1 exmem_v=0 memwb_v=0 | idex_rd=8 idex_rs1=3 idex_rs2=1 | exmem_rd=0 exmem_rw=1 | memwb_rd=0 		    memwb_rw=1 | fwdA=0 fwdB=0
EXMEM_RD        = 8
EXMEM_RESULTSRC = 0
EXMEM_CSR_READ_CAPTURE: idex_csr_read_now=00000000

========== CSR WRITE ==========
TIME=1655
csr_we    = 0
csr_cmd   = 0
csr_addr  = 000
csr_raddr = 001
csr_wdata = 00000000
OLD VALUE = 00000000
FWD_DBG: t=1655 Rs1E=3 Rs2E=1 RdM=8 RdW=0 RWM=0 RWW=1 MRM=0 -> A=0 B=0
UVM_INFO ../UVM_VIP/rv32i_driver.sv(83) @ 1655: uvm_test_top.env.agent.driver [DRV_LOAD] Loading IMEM[63] = 00000013
PIPE_DBG: t=1665 ifid_v=0 idex_v=0 exmem_v=1 memwb_v=0 | idex_rd=8 idex_rs1=3 idex_rs2=1 | exmem_rd=8 exmem_rw=0 | memwb_rd=0 		    memwb_rw=1 | fwdA=0 fwdB=0
EXMEM : rd=8 pc4=000000a0 alu=00000005 resultsrc=0
MEMWB_RD        = 8
MEMWB_RESULTSRC = 0
MEMWB_WDATA     = 00000000

========== CSR WRITE ==========
TIME=1665
csr_we    = 0
csr_cmd   = 0
csr_addr  = 000
csr_raddr = 001
csr_wdata = 00000000
OLD VALUE = 00000000

========== CSR READ ==========
TIME=1665
csr_raddr = 06f
csr_rdata = 00000000
FWD_DBG: t=1665 Rs1E=3 Rs2E=1 RdM=8 RdW=8 RWM=0 RWW=0 MRM=0 -> A=0 B=0
UVM_INFO ../UVM_VIP/rv32i_driver.sv(83) @ 1665: uvm_test_top.env.agent.driver [DRV_LOAD] Loading IMEM[63] = 00000013
PIPE_DBG: t=1675 ifid_v=1 idex_v=0 exmem_v=0 memwb_v=1 | idex_rd=8 idex_rs1=3 idex_rs2=1 | exmem_rd=8 exmem_rw=0 | memwb_rd=8 		    memwb_rw=0 | fwdA=0 fwdB=0
WB : rd=8 wdata=00000005 resultsrc=0
====================================
TIME=1675
Instruction = 06f00c13
IDEX_PC      = 0000009c
IDEX_RV1     = 0000000a
IDEX_RV2     = 00000005
IDEX_IMM     = 00000008
ALU_A        = 0000000a
ALU_B        = 00000005
ALU_CTRL     = 1
ALU_RES      = 00000005
========== ID/EX LOAD ==========
IFID_INSTR = 06f00c13
IMM_EXT    = 0000006f
IMM_SRC    = 000
OPCODE     = 13
IDEX_CSR_READ_CAPTURE: instr=06f00c13 csr_rdata_now=00000000

========== CSR WRITE ==========
TIME=1675
csr_we    = 0
csr_cmd   = 0
csr_addr  = 001
csr_raddr = 06f
csr_wdata = 00000003
OLD VALUE = 00000000
FWD_DBG: t=1675 Rs1E=0 Rs2E=15 RdM=8 RdW=8 RWM=0 RWW=0 MRM=0 -> A=0 B=0
UVM_INFO ../UVM_VIP/rv32i_driver.sv(83) @ 1675: uvm_test_top.env.agent.driver [DRV_LOAD] Loading IMEM[63] = 00000013
PIPE_DBG: t=1685 ifid_v=0 idex_v=1 exmem_v=0 memwb_v=0 | idex_rd=24 idex_rs1=0 idex_rs2=15 | exmem_rd=8 exmem_rw=0 | memwb_rd=8 		    memwb_rw=0 | fwdA=0 fwdB=0
EXMEM_RD        = 24
EXMEM_RESULTSRC = 0
EXMEM_CSR_READ_CAPTURE: idex_csr_read_now=00000000

========== CSR WRITE ==========
TIME=1685
csr_we    = 0
csr_cmd   = 0
csr_addr  = 001
csr_raddr = 06f
csr_wdata = 00000003
OLD VALUE = 00000000
FWD_DBG: t=1685 Rs1E=0 Rs2E=15 RdM=24 RdW=8 RWM=1 RWW=0 MRM=0 -> A=0 B=0
UVM_INFO ../UVM_VIP/rv32i_driver.sv(83) @ 1685: uvm_test_top.env.agent.driver [DRV_LOAD] Loading IMEM[63] = 00000013
PIPE_DBG: t=1695 ifid_v=0 idex_v=0 exmem_v=1 memwb_v=0 | idex_rd=24 idex_rs1=0 idex_rs2=15 | exmem_rd=24 exmem_rw=1 | memwb_rd=8 		    memwb_rw=0 | fwdA=0 fwdB=0
EXMEM : rd=24 pc4=000000a4 alu=0000006f resultsrc=0
MEMWB_RD        = 24
MEMWB_RESULTSRC = 0
MEMWB_WDATA     = 00000005

========== CSR WRITE ==========
TIME=1695
csr_we    = 0
csr_cmd   = 0
csr_addr  = 001
csr_raddr = 06f
csr_wdata = 00000003
OLD VALUE = 00000000

========== CSR READ ==========
TIME=1695
csr_raddr = 000
csr_rdata = 00000000
FWD_DBG: t=1695 Rs1E=0 Rs2E=15 RdM=24 RdW=24 RWM=1 RWW=1 MRM=0 -> A=0 B=0
UVM_INFO ../UVM_VIP/rv32i_driver.sv(83) @ 1695: uvm_test_top.env.agent.driver [DRV_LOAD] Loading IMEM[63] = 00000013
PIPE_DBG: t=1705 ifid_v=1 idex_v=0 exmem_v=0 memwb_v=1 | idex_rd=24 idex_rs1=0 idex_rs2=15 | exmem_rd=24 exmem_rw=1 | memwb_rd=24 		    memwb_rw=1 | fwdA=0 fwdB=0
WB : rd=24 wdata=0000006f resultsrc=0
====================================
TIME=1705
Instruction = 00000013
IDEX_PC      = 000000a0
IDEX_RV1     = 00000000
IDEX_RV2     = 00000000
IDEX_IMM     = 0000006f
ALU_A        = 00000000
ALU_B        = 0000006f
ALU_CTRL     = 0
ALU_RES      = 0000006f
========== ID/EX LOAD ==========
IFID_INSTR = 00000013
IMM_EXT    = 00000000
IMM_SRC    = 000
OPCODE     = 13
IDEX_CSR_READ_CAPTURE: instr=00000013 csr_rdata_now=00000000

========== CSR WRITE ==========
TIME=1705
csr_we    = 0
csr_cmd   = 0
csr_addr  = 06f
csr_raddr = 000
csr_wdata = 00000000
OLD VALUE = 00000000
FWD_DBG: t=1705 Rs1E=0 Rs2E=0 RdM=24 RdW=24 RWM=1 RWW=1 MRM=0 -> A=0 B=0
UVM_INFO ../UVM_VIP/rv32i_driver.sv(83) @ 1705: uvm_test_top.env.agent.driver [DRV_LOAD] Loading IMEM[63] = 00000013
PIPE_DBG: t=1715 ifid_v=0 idex_v=1 exmem_v=0 memwb_v=0 | idex_rd=0 idex_rs1=0 idex_rs2=0 | exmem_rd=24 exmem_rw=1 | memwb_rd=24 		    memwb_rw=1 | fwdA=0 fwdB=0
EXMEM_RD        = 0
EXMEM_RESULTSRC = 0
EXMEM_CSR_READ_CAPTURE: idex_csr_read_now=00000000

========== CSR WRITE ==========
TIME=1715
csr_we    = 0
csr_cmd   = 0
csr_addr  = 06f
csr_raddr = 000
csr_wdata = 00000000
OLD VALUE = 00000000
FWD_DBG: t=1715 Rs1E=0 Rs2E=0 RdM=0 RdW=24 RWM=1 RWW=1 MRM=0 -> A=0 B=0
UVM_INFO ../UVM_VIP/rv32i_driver.sv(83) @ 1715: uvm_test_top.env.agent.driver [DRV_LOAD] Loading IMEM[63] = 00000013
PIPE_DBG: t=1725 ifid_v=0 idex_v=0 exmem_v=1 memwb_v=0 | idex_rd=0 idex_rs1=0 idex_rs2=0 | exmem_rd=0 exmem_rw=1 | memwb_rd=24 		    memwb_rw=1 | fwdA=0 fwdB=0
EXMEM : rd=0 pc4=000000a8 alu=00000000 resultsrc=0
MEMWB_RD        = 0
MEMWB_RESULTSRC = 0
MEMWB_WDATA     = 0000006f

========== CSR WRITE ==========
TIME=1725
csr_we    = 0
csr_cmd   = 0
csr_addr  = 06f
csr_raddr = 000
csr_wdata = 00000000
OLD VALUE = 00000000

========== CSR READ ==========
TIME=1725
csr_raddr = 003
csr_rdata = 00000000
FWD_DBG: t=1725 Rs1E=0 Rs2E=0 RdM=0 RdW=0 RWM=1 RWW=1 MRM=0 -> A=0 B=0
UVM_INFO ../UVM_VIP/rv32i_driver.sv(83) @ 1725: uvm_test_top.env.agent.driver [DRV_LOAD] Loading IMEM[63] = 00000013
PIPE_DBG: t=1735 ifid_v=1 idex_v=0 exmem_v=0 memwb_v=1 | idex_rd=0 idex_rs1=0 idex_rs2=0 | exmem_rd=0 exmem_rw=1 | memwb_rd=0 		    memwb_rw=1 | fwdA=0 fwdB=0
WB : rd=0 wdata=00000000 resultsrc=0
====================================
TIME=1735
Instruction = 0030f463
IDEX_PC      = 000000a4
IDEX_RV1     = 00000000
IDEX_RV2     = 00000000
IDEX_IMM     = 00000000
ALU_A        = 00000000
ALU_B        = 00000000
ALU_CTRL     = 0
ALU_RES      = 00000000
========== ID/EX LOAD ==========
IFID_INSTR = 0030f463
IMM_EXT    = 00000008
IMM_SRC    = 010
OPCODE     = 63
IDEX_CSR_READ_CAPTURE: instr=0030f463 csr_rdata_now=00000000

========== CSR WRITE ==========
TIME=1735
csr_we    = 0
csr_cmd   = 0
csr_addr  = 000
csr_raddr = 003
csr_wdata = 00000000
OLD VALUE = 00000000
FWD_DBG: t=1735 Rs1E=1 Rs2E=3 RdM=0 RdW=0 RWM=1 RWW=1 MRM=0 -> A=0 B=0
UVM_INFO ../UVM_VIP/rv32i_driver.sv(83) @ 1735: uvm_test_top.env.agent.driver [DRV_LOAD] Loading IMEM[63] = 00000013
PIPE_DBG: t=1745 ifid_v=0 idex_v=1 exmem_v=0 memwb_v=0 | idex_rd=8 idex_rs1=1 idex_rs2=3 | exmem_rd=0 exmem_rw=1 | memwb_rd=0 		    memwb_rw=1 | fwdA=0 fwdB=0
EXMEM_RD        = 8
EXMEM_RESULTSRC = 0
EXMEM_CSR_READ_CAPTURE: idex_csr_read_now=00000000

========== CSR WRITE ==========
TIME=1745
csr_we    = 0
csr_cmd   = 0
csr_addr  = 000
csr_raddr = 003
csr_wdata = 00000000
OLD VALUE = 00000000
FWD_DBG: t=1745 Rs1E=1 Rs2E=3 RdM=8 RdW=0 RWM=0 RWW=1 MRM=0 -> A=0 B=0
UVM_INFO ../UVM_VIP/rv32i_driver.sv(83) @ 1745: uvm_test_top.env.agent.driver [DRV_LOAD] Loading IMEM[63] = 00000013
PIPE_DBG: t=1755 ifid_v=0 idex_v=0 exmem_v=1 memwb_v=0 | idex_rd=8 idex_rs1=1 idex_rs2=3 | exmem_rd=8 exmem_rw=0 | memwb_rd=0 		    memwb_rw=1 | fwdA=0 fwdB=0
EXMEM : rd=8 pc4=000000ac alu=fffffffb resultsrc=0
MEMWB_RD        = 8
MEMWB_RESULTSRC = 0
MEMWB_WDATA     = 00000000

========== CSR WRITE ==========
TIME=1755
csr_we    = 0
csr_cmd   = 0
csr_addr  = 000
csr_raddr = 003
csr_wdata = 00000000
OLD VALUE = 00000000

========== CSR READ ==========
TIME=1755
csr_raddr = 06f
csr_rdata = 00000000
FWD_DBG: t=1755 Rs1E=1 Rs2E=3 RdM=8 RdW=8 RWM=0 RWW=0 MRM=0 -> A=0 B=0
UVM_INFO ../UVM_VIP/rv32i_driver.sv(83) @ 1755: uvm_test_top.env.agent.driver [DRV_LOAD] Loading IMEM[63] = 00000013
PIPE_DBG: t=1765 ifid_v=1 idex_v=0 exmem_v=0 memwb_v=1 | idex_rd=8 idex_rs1=1 idex_rs2=3 | exmem_rd=8 exmem_rw=0 | memwb_rd=8 		    memwb_rw=0 | fwdA=0 fwdB=0
WB : rd=8 wdata=fffffffb resultsrc=0
====================================
TIME=1765
Instruction = 06f00c93
IDEX_PC      = 000000a8
IDEX_RV1     = 00000005
IDEX_RV2     = 0000000a
IDEX_IMM     = 00000008
ALU_A        = 00000005
ALU_B        = 0000000a
ALU_CTRL     = 1
ALU_RES      = fffffffb
========== ID/EX LOAD ==========
IFID_INSTR = 06f00c93
IMM_EXT    = 0000006f
IMM_SRC    = 000
OPCODE     = 13
IDEX_CSR_READ_CAPTURE: instr=06f00c93 csr_rdata_now=00000000

========== CSR WRITE ==========
TIME=1765
csr_we    = 0
csr_cmd   = 0
csr_addr  = 003
csr_raddr = 06f
csr_wdata = 00000001
OLD VALUE = 00000000
FWD_DBG: t=1765 Rs1E=0 Rs2E=15 RdM=8 RdW=8 RWM=0 RWW=0 MRM=0 -> A=0 B=0
UVM_INFO ../UVM_VIP/rv32i_driver.sv(83) @ 1765: uvm_test_top.env.agent.driver [DRV_LOAD] Loading IMEM[63] = 00000013
PIPE_DBG: t=1775 ifid_v=0 idex_v=1 exmem_v=0 memwb_v=0 | idex_rd=25 idex_rs1=0 idex_rs2=15 | exmem_rd=8 exmem_rw=0 | memwb_rd=8 		    memwb_rw=0 | fwdA=0 fwdB=0
EXMEM_RD        = 25
EXMEM_RESULTSRC = 0
EXMEM_CSR_READ_CAPTURE: idex_csr_read_now=00000000

========== CSR WRITE ==========
TIME=1775
csr_we    = 0
csr_cmd   = 0
csr_addr  = 003
csr_raddr = 06f
csr_wdata = 00000001
OLD VALUE = 00000000
FWD_DBG: t=1775 Rs1E=0 Rs2E=15 RdM=25 RdW=8 RWM=1 RWW=0 MRM=0 -> A=0 B=0
UVM_INFO ../UVM_VIP/rv32i_driver.sv(83) @ 1775: uvm_test_top.env.agent.driver [DRV_LOAD] Loading IMEM[63] = 00000013
PIPE_DBG: t=1785 ifid_v=0 idex_v=0 exmem_v=1 memwb_v=0 | idex_rd=25 idex_rs1=0 idex_rs2=15 | exmem_rd=25 exmem_rw=1 | memwb_rd=8 		    memwb_rw=0 | fwdA=0 fwdB=0
EXMEM : rd=25 pc4=000000b0 alu=0000006f resultsrc=0
MEMWB_RD        = 25
MEMWB_RESULTSRC = 0
MEMWB_WDATA     = fffffffb

========== CSR WRITE ==========
TIME=1785
csr_we    = 0
csr_cmd   = 0
csr_addr  = 003
csr_raddr = 06f
csr_wdata = 00000001
OLD VALUE = 00000000

========== CSR READ ==========
TIME=1785
csr_raddr = 000
csr_rdata = 00000000
FWD_DBG: t=1785 Rs1E=0 Rs2E=15 RdM=25 RdW=25 RWM=1 RWW=1 MRM=0 -> A=0 B=0
UVM_INFO ../UVM_VIP/rv32i_driver.sv(83) @ 1785: uvm_test_top.env.agent.driver [DRV_LOAD] Loading IMEM[63] = 00000013
PIPE_DBG: t=1795 ifid_v=1 idex_v=0 exmem_v=0 memwb_v=1 | idex_rd=25 idex_rs1=0 idex_rs2=15 | exmem_rd=25 exmem_rw=1 | memwb_rd=25 		    memwb_rw=1 | fwdA=0 fwdB=0
WB : rd=25 wdata=0000006f resultsrc=0
====================================
TIME=1795
Instruction = 00000013
IDEX_PC      = 000000ac
IDEX_RV1     = 00000000
IDEX_RV2     = 00000000
IDEX_IMM     = 0000006f
ALU_A        = 00000000
ALU_B        = 0000006f
ALU_CTRL     = 0
ALU_RES      = 0000006f
========== ID/EX LOAD ==========
IFID_INSTR = 00000013
IMM_EXT    = 00000000
IMM_SRC    = 000
OPCODE     = 13
IDEX_CSR_READ_CAPTURE: instr=00000013 csr_rdata_now=00000000

========== CSR WRITE ==========
TIME=1795
csr_we    = 0
csr_cmd   = 0
csr_addr  = 06f
csr_raddr = 000
csr_wdata = 00000000
OLD VALUE = 00000000
FWD_DBG: t=1795 Rs1E=0 Rs2E=0 RdM=25 RdW=25 RWM=1 RWW=1 MRM=0 -> A=0 B=0
UVM_INFO ../UVM_VIP/rv32i_driver.sv(83) @ 1795: uvm_test_top.env.agent.driver [DRV_LOAD] Loading IMEM[63] = 00000013
PIPE_DBG: t=1805 ifid_v=0 idex_v=1 exmem_v=0 memwb_v=0 | idex_rd=0 idex_rs1=0 idex_rs2=0 | exmem_rd=25 exmem_rw=1 | memwb_rd=25 		    memwb_rw=1 | fwdA=0 fwdB=0
EXMEM_RD        = 0
EXMEM_RESULTSRC = 0
EXMEM_CSR_READ_CAPTURE: idex_csr_read_now=00000000

========== CSR WRITE ==========
TIME=1805
csr_we    = 0
csr_cmd   = 0
csr_addr  = 06f
csr_raddr = 000
csr_wdata = 00000000
OLD VALUE = 00000000
FWD_DBG: t=1805 Rs1E=0 Rs2E=0 RdM=0 RdW=25 RWM=1 RWW=1 MRM=0 -> A=0 B=0
UVM_INFO ../UVM_VIP/rv32i_driver.sv(83) @ 1805: uvm_test_top.env.agent.driver [DRV_LOAD] Loading IMEM[63] = 00000013
PIPE_DBG: t=1815 ifid_v=0 idex_v=0 exmem_v=1 memwb_v=0 | idex_rd=0 idex_rs1=0 idex_rs2=0 | exmem_rd=0 exmem_rw=1 | memwb_rd=25 		    memwb_rw=1 | fwdA=0 fwdB=0
EXMEM : rd=0 pc4=000000b4 alu=00000000 resultsrc=0
MEMWB_RD        = 0
MEMWB_RESULTSRC = 0
MEMWB_WDATA     = 0000006f

========== CSR WRITE ==========
TIME=1815
csr_we    = 0
csr_cmd   = 0
csr_addr  = 06f
csr_raddr = 000
csr_wdata = 00000000
OLD VALUE = 00000000

========== CSR READ ==========
TIME=1815
csr_raddr = 009
csr_rdata = 00000000
FWD_DBG: t=1815 Rs1E=0 Rs2E=0 RdM=0 RdW=0 RWM=1 RWW=1 MRM=0 -> A=0 B=0
UVM_INFO ../UVM_VIP/rv32i_driver.sv(83) @ 1815: uvm_test_top.env.agent.driver [DRV_LOAD] Loading IMEM[63] = 00000013
PIPE_DBG: t=1825 ifid_v=1 idex_v=0 exmem_v=0 memwb_v=1 | idex_rd=0 idex_rs1=0 idex_rs2=0 | exmem_rd=0 exmem_rw=1 | memwb_rd=0 		    memwb_rw=1 | fwdA=0 fwdB=0
WB : rd=0 wdata=00000000 resultsrc=0
====================================
TIME=1825
Instruction = 00900313
IDEX_PC      = 000000b0
IDEX_RV1     = 00000000
IDEX_RV2     = 00000000
IDEX_IMM     = 00000000
ALU_A        = 00000000
ALU_B        = 00000000
ALU_CTRL     = 0
ALU_RES      = 00000000
========== ID/EX LOAD ==========
IFID_INSTR = 00900313
IMM_EXT    = 00000009
IMM_SRC    = 000
OPCODE     = 13
IDEX_CSR_READ_CAPTURE: instr=00900313 csr_rdata_now=00000000

========== CSR WRITE ==========
TIME=1825
csr_we    = 0
csr_cmd   = 0
csr_addr  = 000
csr_raddr = 009
csr_wdata = 00000000
OLD VALUE = 00000000
FWD_DBG: t=1825 Rs1E=0 Rs2E=9 RdM=0 RdW=0 RWM=1 RWW=1 MRM=0 -> A=0 B=0
UVM_INFO ../UVM_VIP/rv32i_driver.sv(83) @ 1825: uvm_test_top.env.agent.driver [DRV_LOAD] Loading IMEM[63] = 00000013
PIPE_DBG: t=1835 ifid_v=0 idex_v=1 exmem_v=0 memwb_v=0 | idex_rd=6 idex_rs1=0 idex_rs2=9 | exmem_rd=0 exmem_rw=1 | memwb_rd=0 		    memwb_rw=1 | fwdA=0 fwdB=0
EXMEM_RD        = 6
EXMEM_RESULTSRC = 0
EXMEM_CSR_READ_CAPTURE: idex_csr_read_now=00000000

========== CSR WRITE ==========
TIME=1835
csr_we    = 0
csr_cmd   = 0
csr_addr  = 000
csr_raddr = 009
csr_wdata = 00000000
OLD VALUE = 00000000
FWD_DBG: t=1835 Rs1E=0 Rs2E=9 RdM=6 RdW=0 RWM=1 RWW=1 MRM=0 -> A=0 B=0
UVM_INFO ../UVM_VIP/rv32i_driver.sv(83) @ 1835: uvm_test_top.env.agent.driver [DRV_LOAD] Loading IMEM[63] = 00000013
PIPE_DBG: t=1845 ifid_v=0 idex_v=0 exmem_v=1 memwb_v=0 | idex_rd=6 idex_rs1=0 idex_rs2=9 | exmem_rd=6 exmem_rw=1 | memwb_rd=0 		    memwb_rw=1 | fwdA=0 fwdB=0
EXMEM : rd=6 pc4=000000b8 alu=00000009 resultsrc=0
MEMWB_RD        = 6
MEMWB_RESULTSRC = 0
MEMWB_WDATA     = 00000000

========== CSR WRITE ==========
TIME=1845
csr_we    = 0
csr_cmd   = 0
csr_addr  = 000
csr_raddr = 009
csr_wdata = 00000000
OLD VALUE = 00000000

========== CSR READ ==========
TIME=1845
csr_raddr = 006
csr_rdata = 00000000
FWD_DBG: t=1845 Rs1E=0 Rs2E=9 RdM=6 RdW=6 RWM=1 RWW=1 MRM=0 -> A=0 B=0
UVM_INFO ../UVM_VIP/rv32i_driver.sv(83) @ 1845: uvm_test_top.env.agent.driver [DRV_LOAD] Loading IMEM[63] = 00000013
PIPE_DBG: t=1855 ifid_v=1 idex_v=0 exmem_v=0 memwb_v=1 | idex_rd=6 idex_rs1=0 idex_rs2=9 | exmem_rd=6 exmem_rw=1 | memwb_rd=6 		    memwb_rw=1 | fwdA=0 fwdB=0
WB : rd=6 wdata=00000009 resultsrc=0
====================================
TIME=1855
Instruction = 006003b3
IDEX_PC      = 000000b4
IDEX_RV1     = 00000000
IDEX_RV2     = 00000005
IDEX_IMM     = 00000009
ALU_A        = 00000000
ALU_B        = 00000009
ALU_CTRL     = 0
ALU_RES      = 00000009
========== ID/EX LOAD ==========
IFID_INSTR = 006003b3
IMM_EXT    = 00000006
IMM_SRC    = 000
OPCODE     = 33
IDEX_CSR_READ_CAPTURE: instr=006003b3 csr_rdata_now=00000000

========== CSR WRITE ==========
TIME=1855
csr_we    = 0
csr_cmd   = 0
csr_addr  = 009
csr_raddr = 006
csr_wdata = 00000000
OLD VALUE = 00000000
FWD_DBG: t=1855 Rs1E=0 Rs2E=6 RdM=6 RdW=6 RWM=1 RWW=1 MRM=0 -> A=0 B=2
UVM_INFO ../UVM_VIP/rv32i_driver.sv(83) @ 1855: uvm_test_top.env.agent.driver [DRV_LOAD] Loading IMEM[63] = 00000013
PIPE_DBG: t=1865 ifid_v=0 idex_v=1 exmem_v=0 memwb_v=0 | idex_rd=7 idex_rs1=0 idex_rs2=6 | exmem_rd=6 exmem_rw=1 | memwb_rd=6 		    memwb_rw=1 | fwdA=0 fwdB=2
EXMEM_RD        = 7
EXMEM_RESULTSRC = 0
EXMEM_CSR_READ_CAPTURE: idex_csr_read_now=00000000

========== CSR WRITE ==========
TIME=1865
csr_we    = 0
csr_cmd   = 0
csr_addr  = 009
csr_raddr = 006
csr_wdata = 00000000
OLD VALUE = 00000000
FWD_DBG: t=1865 Rs1E=0 Rs2E=6 RdM=7 RdW=6 RWM=1 RWW=1 MRM=0 -> A=0 B=1
UVM_INFO ../UVM_VIP/rv32i_driver.sv(83) @ 1865: uvm_test_top.env.agent.driver [DRV_LOAD] Loading IMEM[63] = 00000013
PIPE_DBG: t=1875 ifid_v=0 idex_v=0 exmem_v=1 memwb_v=0 | idex_rd=7 idex_rs1=0 idex_rs2=6 | exmem_rd=7 exmem_rw=1 | memwb_rd=6 		    memwb_rw=1 | fwdA=0 fwdB=1
EXMEM : rd=7 pc4=000000bc alu=00000009 resultsrc=0
MEMWB_RD        = 7
MEMWB_RESULTSRC = 0
MEMWB_WDATA     = 00000009

========== CSR WRITE ==========
TIME=1875
csr_we    = 0
csr_cmd   = 0
csr_addr  = 009
csr_raddr = 006
csr_wdata = 00000000
OLD VALUE = 00000000

========== CSR READ ==========
TIME=1875
csr_raddr = 000
csr_rdata = 00000000
FWD_DBG: t=1875 Rs1E=0 Rs2E=6 RdM=7 RdW=7 RWM=1 RWW=1 MRM=0 -> A=0 B=0
UVM_INFO ../UVM_VIP/rv32i_driver.sv(83) @ 1875: uvm_test_top.env.agent.driver [DRV_LOAD] Loading IMEM[63] = 00000013
PIPE_DBG: t=1885 ifid_v=1 idex_v=0 exmem_v=0 memwb_v=1 | idex_rd=7 idex_rs1=0 idex_rs2=6 | exmem_rd=7 exmem_rw=1 | memwb_rd=7 		    memwb_rw=1 | fwdA=0 fwdB=0
WB : rd=7 wdata=00000009 resultsrc=0
====================================
TIME=1885
Instruction = 00000013
IDEX_PC      = 000000b8
IDEX_RV1     = 00000000
IDEX_RV2     = 00000000
IDEX_IMM     = 00000006
ALU_A        = 00000000
ALU_B        = 00000000
ALU_CTRL     = 0
ALU_RES      = 00000000
========== ID/EX LOAD ==========
IFID_INSTR = 00000013
IMM_EXT    = 00000000
IMM_SRC    = 000
OPCODE     = 13
IDEX_CSR_READ_CAPTURE: instr=00000013 csr_rdata_now=00000000

========== CSR WRITE ==========
TIME=1885
csr_we    = 0
csr_cmd   = 0
csr_addr  = 006
csr_raddr = 000
csr_wdata = 00000000
OLD VALUE = 00000000
FWD_DBG: t=1885 Rs1E=0 Rs2E=0 RdM=7 RdW=7 RWM=1 RWW=1 MRM=0 -> A=0 B=0
UVM_INFO ../UVM_VIP/rv32i_driver.sv(83) @ 1885: uvm_test_top.env.agent.driver [DRV_LOAD] Loading IMEM[63] = 00000013
PIPE_DBG: t=1895 ifid_v=0 idex_v=1 exmem_v=0 memwb_v=0 | idex_rd=0 idex_rs1=0 idex_rs2=0 | exmem_rd=7 exmem_rw=1 | memwb_rd=7 		    memwb_rw=1 | fwdA=0 fwdB=0
EXMEM_RD        = 0
EXMEM_RESULTSRC = 0
EXMEM_CSR_READ_CAPTURE: idex_csr_read_now=00000000

========== CSR WRITE ==========
TIME=1895
csr_we    = 0
csr_cmd   = 0
csr_addr  = 006
csr_raddr = 000
csr_wdata = 00000000
OLD VALUE = 00000000
FWD_DBG: t=1895 Rs1E=0 Rs2E=0 RdM=0 RdW=7 RWM=1 RWW=1 MRM=0 -> A=0 B=0
UVM_INFO ../UVM_VIP/rv32i_driver.sv(83) @ 1895: uvm_test_top.env.agent.driver [DRV_LOAD] Loading IMEM[63] = 00000013
PIPE_DBG: t=1905 ifid_v=0 idex_v=0 exmem_v=1 memwb_v=0 | idex_rd=0 idex_rs1=0 idex_rs2=0 | exmem_rd=0 exmem_rw=1 | memwb_rd=7 		    memwb_rw=1 | fwdA=0 fwdB=0
EXMEM : rd=0 pc4=000000c0 alu=00000000 resultsrc=0
MEMWB_RD        = 0
MEMWB_RESULTSRC = 0
MEMWB_WDATA     = 00000009

========== CSR WRITE ==========
TIME=1905
csr_we    = 0
csr_cmd   = 0
csr_addr  = 006
csr_raddr = 000
csr_wdata = 00000000
OLD VALUE = 00000000

========== CSR READ ==========
TIME=1905
csr_raddr = 007
csr_rdata = 00000000
FWD_DBG: t=1905 Rs1E=0 Rs2E=0 RdM=0 RdW=0 RWM=1 RWW=1 MRM=0 -> A=0 B=0
UVM_INFO ../UVM_VIP/rv32i_driver.sv(83) @ 1905: uvm_test_top.env.agent.driver [DRV_LOAD] Loading IMEM[63] = 00000013
PIPE_DBG: t=1915 ifid_v=1 idex_v=0 exmem_v=0 memwb_v=1 | idex_rd=0 idex_rs1=0 idex_rs2=0 | exmem_rd=0 exmem_rw=1 | memwb_rd=0 		    memwb_rw=1 | fwdA=0 fwdB=0
WB : rd=0 wdata=00000000 resultsrc=0
====================================
TIME=1915
Instruction = 00700433
IDEX_PC      = 000000bc
IDEX_RV1     = 00000000
IDEX_RV2     = 00000000
IDEX_IMM     = 00000000
ALU_A        = 00000000
ALU_B        = 00000000
ALU_CTRL     = 0
ALU_RES      = 00000000
========== ID/EX LOAD ==========
IFID_INSTR = 00700433
IMM_EXT    = 00000007
IMM_SRC    = 000
OPCODE     = 33
IDEX_CSR_READ_CAPTURE: instr=00700433 csr_rdata_now=00000000

========== CSR WRITE ==========
TIME=1915
csr_we    = 0
csr_cmd   = 0
csr_addr  = 000
csr_raddr = 007
csr_wdata = 00000000
OLD VALUE = 00000000
FWD_DBG: t=1915 Rs1E=0 Rs2E=7 RdM=0 RdW=0 RWM=1 RWW=1 MRM=0 -> A=0 B=0
UVM_INFO ../UVM_VIP/rv32i_driver.sv(83) @ 1915: uvm_test_top.env.agent.driver [DRV_LOAD] Loading IMEM[63] = 00000013
PIPE_DBG: t=1925 ifid_v=0 idex_v=1 exmem_v=0 memwb_v=0 | idex_rd=8 idex_rs1=0 idex_rs2=7 | exmem_rd=0 exmem_rw=1 | memwb_rd=0 		    memwb_rw=1 | fwdA=0 fwdB=0
EXMEM_RD        = 8
EXMEM_RESULTSRC = 0
EXMEM_CSR_READ_CAPTURE: idex_csr_read_now=00000000

========== CSR WRITE ==========
TIME=1925
csr_we    = 0
csr_cmd   = 0
csr_addr  = 000
csr_raddr = 007
csr_wdata = 00000000
OLD VALUE = 00000000
FWD_DBG: t=1925 Rs1E=0 Rs2E=7 RdM=8 RdW=0 RWM=1 RWW=1 MRM=0 -> A=0 B=0
UVM_INFO ../UVM_VIP/rv32i_driver.sv(83) @ 1925: uvm_test_top.env.agent.driver [DRV_LOAD] Loading IMEM[63] = 00000013
PIPE_DBG: t=1935 ifid_v=0 idex_v=0 exmem_v=1 memwb_v=0 | idex_rd=8 idex_rs1=0 idex_rs2=7 | exmem_rd=8 exmem_rw=1 | memwb_rd=0 		    memwb_rw=1 | fwdA=0 fwdB=0
EXMEM : rd=8 pc4=000000c4 alu=00000009 resultsrc=0
MEMWB_RD        = 8
MEMWB_RESULTSRC = 0
MEMWB_WDATA     = 00000000

========== CSR WRITE ==========
TIME=1935
csr_we    = 0
csr_cmd   = 0
csr_addr  = 000
csr_raddr = 007
csr_wdata = 00000000
OLD VALUE = 00000000

========== CSR READ ==========
TIME=1935
csr_raddr = 005
csr_rdata = 00000000
FWD_DBG: t=1935 Rs1E=0 Rs2E=7 RdM=8 RdW=8 RWM=1 RWW=1 MRM=0 -> A=0 B=0
UVM_INFO ../UVM_VIP/rv32i_driver.sv(83) @ 1935: uvm_test_top.env.agent.driver [DRV_LOAD] Loading IMEM[63] = 00000013
PIPE_DBG: t=1945 ifid_v=1 idex_v=0 exmem_v=0 memwb_v=1 | idex_rd=8 idex_rs1=0 idex_rs2=7 | exmem_rd=8 exmem_rw=1 | memwb_rd=8 		    memwb_rw=1 | fwdA=0 fwdB=0
WB : rd=8 wdata=00000009 resultsrc=0
====================================
TIME=1945
Instruction = 00500493
IDEX_PC      = 000000c0
IDEX_RV1     = 00000000
IDEX_RV2     = 00000009
IDEX_IMM     = 00000007
ALU_A        = 00000000
ALU_B        = 00000009
ALU_CTRL     = 0
ALU_RES      = 00000009
========== ID/EX LOAD ==========
IFID_INSTR = 00500493
IMM_EXT    = 00000005
IMM_SRC    = 000
OPCODE     = 13
IDEX_CSR_READ_CAPTURE: instr=00500493 csr_rdata_now=00000000

========== CSR WRITE ==========
TIME=1945
csr_we    = 0
csr_cmd   = 0
csr_addr  = 007
csr_raddr = 005
csr_wdata = 00000000
OLD VALUE = 00000000
FWD_DBG: t=1945 Rs1E=0 Rs2E=5 RdM=8 RdW=8 RWM=1 RWW=1 MRM=0 -> A=0 B=0
UVM_INFO ../UVM_VIP/rv32i_driver.sv(83) @ 1945: uvm_test_top.env.agent.driver [DRV_LOAD] Loading IMEM[63] = 00000013
PIPE_DBG: t=1955 ifid_v=0 idex_v=1 exmem_v=0 memwb_v=0 | idex_rd=9 idex_rs1=0 idex_rs2=5 | exmem_rd=8 exmem_rw=1 | memwb_rd=8 		    memwb_rw=1 | fwdA=0 fwdB=0
EXMEM_RD        = 9
EXMEM_RESULTSRC = 0
EXMEM_CSR_READ_CAPTURE: idex_csr_read_now=00000000

========== CSR WRITE ==========
TIME=1955
csr_we    = 0
csr_cmd   = 0
csr_addr  = 007
csr_raddr = 005
csr_wdata = 00000000
OLD VALUE = 00000000
FWD_DBG: t=1955 Rs1E=0 Rs2E=5 RdM=9 RdW=8 RWM=1 RWW=1 MRM=0 -> A=0 B=0
UVM_INFO ../UVM_VIP/rv32i_driver.sv(83) @ 1955: uvm_test_top.env.agent.driver [DRV_LOAD] Loading IMEM[63] = 00000013
PIPE_DBG: t=1965 ifid_v=0 idex_v=0 exmem_v=1 memwb_v=0 | idex_rd=9 idex_rs1=0 idex_rs2=5 | exmem_rd=9 exmem_rw=1 | memwb_rd=8 		    memwb_rw=1 | fwdA=0 fwdB=0
EXMEM : rd=9 pc4=000000c8 alu=00000005 resultsrc=0
MEMWB_RD        = 9
MEMWB_RESULTSRC = 0
MEMWB_WDATA     = 00000009

========== CSR WRITE ==========
TIME=1965
csr_we    = 0
csr_cmd   = 0
csr_addr  = 007
csr_raddr = 005
csr_wdata = 00000000
OLD VALUE = 00000000

========== CSR READ ==========
TIME=1965
csr_raddr = 007
csr_rdata = 00000000
FWD_DBG: t=1965 Rs1E=0 Rs2E=5 RdM=9 RdW=9 RWM=1 RWW=1 MRM=0 -> A=0 B=0
UVM_INFO ../UVM_VIP/rv32i_driver.sv(83) @ 1965: uvm_test_top.env.agent.driver [DRV_LOAD] Loading IMEM[63] = 00000013
PIPE_DBG: t=1975 ifid_v=1 idex_v=0 exmem_v=0 memwb_v=1 | idex_rd=9 idex_rs1=0 idex_rs2=5 | exmem_rd=9 exmem_rw=1 | memwb_rd=9 		    memwb_rw=1 | fwdA=0 fwdB=0
WB : rd=9 wdata=00000005 resultsrc=0
====================================
TIME=1975
Instruction = 00700513
IDEX_PC      = 000000c4
IDEX_RV1     = 00000000
IDEX_RV2     = 00000000
IDEX_IMM     = 00000005
ALU_A        = 00000000
ALU_B        = 00000005
ALU_CTRL     = 0
ALU_RES      = 00000005
========== ID/EX LOAD ==========
IFID_INSTR = 00700513
IMM_EXT    = 00000007
IMM_SRC    = 000
OPCODE     = 13
IDEX_CSR_READ_CAPTURE: instr=00700513 csr_rdata_now=00000000

========== CSR WRITE ==========
TIME=1975
csr_we    = 0
csr_cmd   = 0
csr_addr  = 005
csr_raddr = 007
csr_wdata = 00000000
OLD VALUE = 00000000
FWD_DBG: t=1975 Rs1E=0 Rs2E=7 RdM=9 RdW=9 RWM=1 RWW=1 MRM=0 -> A=0 B=0
UVM_INFO ../UVM_VIP/rv32i_driver.sv(83) @ 1975: uvm_test_top.env.agent.driver [DRV_LOAD] Loading IMEM[63] = 00000013
PIPE_DBG: t=1985 ifid_v=0 idex_v=1 exmem_v=0 memwb_v=0 | idex_rd=10 idex_rs1=0 idex_rs2=7 | exmem_rd=9 exmem_rw=1 | memwb_rd=9 		    memwb_rw=1 | fwdA=0 fwdB=0
EXMEM_RD        = 10
EXMEM_RESULTSRC = 0
EXMEM_CSR_READ_CAPTURE: idex_csr_read_now=00000000

========== CSR WRITE ==========
TIME=1985
csr_we    = 0
csr_cmd   = 0
csr_addr  = 005
csr_raddr = 007
csr_wdata = 00000000
OLD VALUE = 00000000
FWD_DBG: t=1985 Rs1E=0 Rs2E=7 RdM=10 RdW=9 RWM=1 RWW=1 MRM=0 -> A=0 B=0
UVM_INFO ../UVM_VIP/rv32i_driver.sv(83) @ 1985: uvm_test_top.env.agent.driver [DRV_LOAD] Loading IMEM[63] = 00000013
PIPE_DBG: t=1995 ifid_v=0 idex_v=0 exmem_v=1 memwb_v=0 | idex_rd=10 idex_rs1=0 idex_rs2=7 | exmem_rd=10 exmem_rw=1 | memwb_rd=9 		    memwb_rw=1 | fwdA=0 fwdB=0
EXMEM : rd=10 pc4=000000cc alu=00000007 resultsrc=0
MEMWB_RD        = 10
MEMWB_RESULTSRC = 0
MEMWB_WDATA     = 00000005

========== CSR WRITE ==========
TIME=1995
csr_we    = 0
csr_cmd   = 0
csr_addr  = 005
csr_raddr = 007
csr_wdata = 00000000
OLD VALUE = 00000000

========== CSR READ ==========
TIME=1995
csr_raddr = 009
csr_rdata = 00000000
FWD_DBG: t=1995 Rs1E=0 Rs2E=7 RdM=10 RdW=10 RWM=1 RWW=1 MRM=0 -> A=0 B=0
UVM_INFO ../UVM_VIP/rv32i_driver.sv(83) @ 1995: uvm_test_top.env.agent.driver [DRV_LOAD] Loading IMEM[63] = 00000013
PIPE_DBG: t=2005 ifid_v=1 idex_v=0 exmem_v=0 memwb_v=1 | idex_rd=10 idex_rs1=0 idex_rs2=7 | exmem_rd=10 exmem_rw=1 | memwb_rd=10 		    memwb_rw=1 | fwdA=0 fwdB=0
WB : rd=10 wdata=00000007 resultsrc=0
====================================
TIME=2005
Instruction = 009505b3
IDEX_PC      = 000000c8
IDEX_RV1     = 00000000
IDEX_RV2     = 00000009
IDEX_IMM     = 00000007
ALU_A        = 00000000
ALU_B        = 00000007
ALU_CTRL     = 0
ALU_RES      = 00000007
========== ID/EX LOAD ==========
IFID_INSTR = 009505b3
IMM_EXT    = 00000009
IMM_SRC    = 000
OPCODE     = 33
IDEX_CSR_READ_CAPTURE: instr=009505b3 csr_rdata_now=00000000

========== CSR WRITE ==========
TIME=2005
csr_we    = 0
csr_cmd   = 0
csr_addr  = 007
csr_raddr = 009
csr_wdata = 00000000
OLD VALUE = 00000000
FWD_DBG: t=2005 Rs1E=10 Rs2E=9 RdM=10 RdW=10 RWM=1 RWW=1 MRM=0 -> A=2 B=0
UVM_INFO ../UVM_VIP/rv32i_driver.sv(83) @ 2005: uvm_test_top.env.agent.driver [DRV_LOAD] Loading IMEM[63] = 00000013
PIPE_DBG: t=2015 ifid_v=0 idex_v=1 exmem_v=0 memwb_v=0 | idex_rd=11 idex_rs1=10 idex_rs2=9 | exmem_rd=10 exmem_rw=1 | memwb_rd=10 		    memwb_rw=1 | fwdA=2 fwdB=0
EXMEM_RD        = 11
EXMEM_RESULTSRC = 0
EXMEM_CSR_READ_CAPTURE: idex_csr_read_now=00000000

========== CSR WRITE ==========
TIME=2015
csr_we    = 0
csr_cmd   = 0
csr_addr  = 007
csr_raddr = 009
csr_wdata = 00000000
OLD VALUE = 00000000
FWD_DBG: t=2015 Rs1E=10 Rs2E=9 RdM=11 RdW=10 RWM=1 RWW=1 MRM=0 -> A=1 B=0
UVM_INFO ../UVM_VIP/rv32i_driver.sv(83) @ 2015: uvm_test_top.env.agent.driver [DRV_LOAD] Loading IMEM[63] = 00000013
PIPE_DBG: t=2025 ifid_v=0 idex_v=0 exmem_v=1 memwb_v=0 | idex_rd=11 idex_rs1=10 idex_rs2=9 | exmem_rd=11 exmem_rw=1 | memwb_rd=10 		    memwb_rw=1 | fwdA=1 fwdB=0
EXMEM : rd=11 pc4=000000d0 alu=0000000c resultsrc=0
MEMWB_RD        = 11
MEMWB_RESULTSRC = 0
MEMWB_WDATA     = 00000007

========== CSR WRITE ==========
TIME=2025
csr_we    = 0
csr_cmd   = 0
csr_addr  = 007
csr_raddr = 009
csr_wdata = 00000000
OLD VALUE = 00000000

========== CSR READ ==========
TIME=2025
csr_raddr = 00b
csr_rdata = 00000000
FWD_DBG: t=2025 Rs1E=10 Rs2E=9 RdM=11 RdW=11 RWM=1 RWW=1 MRM=0 -> A=0 B=0
UVM_INFO ../UVM_VIP/rv32i_driver.sv(83) @ 2025: uvm_test_top.env.agent.driver [DRV_LOAD] Loading IMEM[63] = 00000013
PIPE_DBG: t=2035 ifid_v=1 idex_v=0 exmem_v=0 memwb_v=1 | idex_rd=11 idex_rs1=10 idex_rs2=9 | exmem_rd=11 exmem_rw=1 | memwb_rd=11 		    memwb_rw=1 | fwdA=0 fwdB=0
WB : rd=11 wdata=0000000c resultsrc=0
====================================
TIME=2035
Instruction = 00b00613
IDEX_PC      = 000000cc
IDEX_RV1     = 00000007
IDEX_RV2     = 00000005
IDEX_IMM     = 00000009
ALU_A        = 00000007
ALU_B        = 00000005
ALU_CTRL     = 0
ALU_RES      = 0000000c
========== ID/EX LOAD ==========
IFID_INSTR = 00b00613
IMM_EXT    = 0000000b
IMM_SRC    = 000
OPCODE     = 13
IDEX_CSR_READ_CAPTURE: instr=00b00613 csr_rdata_now=00000000

========== CSR WRITE ==========
TIME=2035
csr_we    = 0
csr_cmd   = 0
csr_addr  = 009
csr_raddr = 00b
csr_wdata = 00000007
OLD VALUE = 00000000
FWD_DBG: t=2035 Rs1E=0 Rs2E=11 RdM=11 RdW=11 RWM=1 RWW=1 MRM=0 -> A=0 B=2
UVM_INFO ../UVM_VIP/rv32i_driver.sv(83) @ 2035: uvm_test_top.env.agent.driver [DRV_LOAD] Loading IMEM[63] = 00000013
PIPE_DBG: t=2045 ifid_v=0 idex_v=1 exmem_v=0 memwb_v=0 | idex_rd=12 idex_rs1=0 idex_rs2=11 | exmem_rd=11 exmem_rw=1 | memwb_rd=11 		    memwb_rw=1 | fwdA=0 fwdB=2
EXMEM_RD        = 12
EXMEM_RESULTSRC = 0
EXMEM_CSR_READ_CAPTURE: idex_csr_read_now=00000000

========== CSR WRITE ==========
TIME=2045
csr_we    = 0
csr_cmd   = 0
csr_addr  = 009
csr_raddr = 00b
csr_wdata = 00000007
OLD VALUE = 00000000
FWD_DBG: t=2045 Rs1E=0 Rs2E=11 RdM=12 RdW=11 RWM=1 RWW=1 MRM=0 -> A=0 B=1
UVM_INFO ../UVM_VIP/rv32i_driver.sv(83) @ 2045: uvm_test_top.env.agent.driver [DRV_LOAD] Loading IMEM[63] = 00000013
PIPE_DBG: t=2055 ifid_v=0 idex_v=0 exmem_v=1 memwb_v=0 | idex_rd=12 idex_rs1=0 idex_rs2=11 | exmem_rd=12 exmem_rw=1 | memwb_rd=11 		    memwb_rw=1 | fwdA=0 fwdB=1
EXMEM : rd=12 pc4=000000d4 alu=0000000b resultsrc=0
MEMWB_RD        = 12
MEMWB_RESULTSRC = 0
MEMWB_WDATA     = 0000000c

========== CSR WRITE ==========
TIME=2055
csr_we    = 0
csr_cmd   = 0
csr_addr  = 009
csr_raddr = 00b
csr_wdata = 00000007
OLD VALUE = 00000000

========== CSR READ ==========
TIME=2055
csr_raddr = 00d
csr_rdata = 00000000
FWD_DBG: t=2055 Rs1E=0 Rs2E=11 RdM=12 RdW=12 RWM=1 RWW=1 MRM=0 -> A=0 B=0
UVM_INFO ../UVM_VIP/rv32i_driver.sv(83) @ 2055: uvm_test_top.env.agent.driver [DRV_LOAD] Loading IMEM[63] = 00000013
PIPE_DBG: t=2065 ifid_v=1 idex_v=0 exmem_v=0 memwb_v=1 | idex_rd=12 idex_rs1=0 idex_rs2=11 | exmem_rd=12 exmem_rw=1 | memwb_rd=12 		    memwb_rw=1 | fwdA=0 fwdB=0
WB : rd=12 wdata=0000000b resultsrc=0
====================================
TIME=2065
Instruction = 00d00693
IDEX_PC      = 000000d0
IDEX_RV1     = 00000000
IDEX_RV2     = 0000000c
IDEX_IMM     = 0000000b
ALU_A        = 00000000
ALU_B        = 0000000b
ALU_CTRL     = 0
ALU_RES      = 0000000b
========== ID/EX LOAD ==========
IFID_INSTR = 00d00693
IMM_EXT    = 0000000d
IMM_SRC    = 000
OPCODE     = 13
IDEX_CSR_READ_CAPTURE: instr=00d00693 csr_rdata_now=00000000

========== CSR WRITE ==========
TIME=2065
csr_we    = 0
csr_cmd   = 0
csr_addr  = 00b
csr_raddr = 00d
csr_wdata = 00000000
OLD VALUE = 00000000
FWD_DBG: t=2065 Rs1E=0 Rs2E=13 RdM=12 RdW=12 RWM=1 RWW=1 MRM=0 -> A=0 B=0
UVM_INFO ../UVM_VIP/rv32i_driver.sv(83) @ 2065: uvm_test_top.env.agent.driver [DRV_LOAD] Loading IMEM[63] = 00000013
PIPE_DBG: t=2075 ifid_v=0 idex_v=1 exmem_v=0 memwb_v=0 | idex_rd=13 idex_rs1=0 idex_rs2=13 | exmem_rd=12 exmem_rw=1 | memwb_rd=12 		    memwb_rw=1 | fwdA=0 fwdB=0
EXMEM_RD        = 13
EXMEM_RESULTSRC = 0
EXMEM_CSR_READ_CAPTURE: idex_csr_read_now=00000000

========== CSR WRITE ==========
TIME=2075
csr_we    = 0
csr_cmd   = 0
csr_addr  = 00b
csr_raddr = 00d
csr_wdata = 00000000
OLD VALUE = 00000000
FWD_DBG: t=2075 Rs1E=0 Rs2E=13 RdM=13 RdW=12 RWM=1 RWW=1 MRM=0 -> A=0 B=2
UVM_INFO ../UVM_VIP/rv32i_driver.sv(83) @ 2075: uvm_test_top.env.agent.driver [DRV_LOAD] Loading IMEM[63] = 00000013
PIPE_DBG: t=2085 ifid_v=0 idex_v=0 exmem_v=1 memwb_v=0 | idex_rd=13 idex_rs1=0 idex_rs2=13 | exmem_rd=13 exmem_rw=1 | memwb_rd=12 		    memwb_rw=1 | fwdA=0 fwdB=2
EXMEM : rd=13 pc4=000000d8 alu=0000000d resultsrc=0
MEMWB_RD        = 13
MEMWB_RESULTSRC = 0
MEMWB_WDATA     = 0000000b

========== CSR WRITE ==========
TIME=2085
csr_we    = 0
csr_cmd   = 0
csr_addr  = 00b
csr_raddr = 00d
csr_wdata = 00000000
OLD VALUE = 00000000
FWD_DBG: t=2085 Rs1E=0 Rs2E=13 RdM=13 RdW=13 RWM=1 RWW=1 MRM=0 -> A=0 B=2
UVM_INFO ../UVM_VIP/rv32i_driver.sv(83) @ 2085: uvm_test_top.env.agent.driver [DRV_LOAD] Loading IMEM[63] = 00000013
PIPE_DBG: t=2095 ifid_v=1 idex_v=0 exmem_v=0 memwb_v=1 | idex_rd=13 idex_rs1=0 idex_rs2=13 | exmem_rd=13 exmem_rw=1 | memwb_rd=13 		    memwb_rw=1 | fwdA=0 fwdB=2
WB : rd=13 wdata=0000000d resultsrc=0
====================================
TIME=2095
Instruction = 00d60733
IDEX_PC      = 000000d4
IDEX_RV1     = 00000000
IDEX_RV2     = 00000000
IDEX_IMM     = 0000000d
ALU_A        = 00000000
ALU_B        = 0000000d
ALU_CTRL     = 0
ALU_RES      = 0000000d
========== ID/EX LOAD ==========
IFID_INSTR = 00d60733
IMM_EXT    = 0000000d
IMM_SRC    = 000
OPCODE     = 33
IDEX_CSR_READ_CAPTURE: instr=00d60733 csr_rdata_now=00000000

========== CSR WRITE ==========
TIME=2095
csr_we    = 0
csr_cmd   = 0
csr_addr  = 00d
csr_raddr = 00d
csr_wdata = 00000000
OLD VALUE = 00000000
FWD_DBG: t=2095 Rs1E=12 Rs2E=13 RdM=13 RdW=13 RWM=1 RWW=1 MRM=0 -> A=0 B=2
UVM_INFO ../UVM_VIP/rv32i_driver.sv(83) @ 2095: uvm_test_top.env.agent.driver [DRV_LOAD] Loading IMEM[63] = 00000013
PIPE_DBG: t=2105 ifid_v=0 idex_v=1 exmem_v=0 memwb_v=0 | idex_rd=14 idex_rs1=12 idex_rs2=13 | exmem_rd=13 exmem_rw=1 | memwb_rd=13 		    memwb_rw=1 | fwdA=0 fwdB=2
EXMEM_RD        = 14
EXMEM_RESULTSRC = 0
EXMEM_CSR_READ_CAPTURE: idex_csr_read_now=00000000

========== CSR WRITE ==========
TIME=2105
csr_we    = 0
csr_cmd   = 0
csr_addr  = 00d
csr_raddr = 00d
csr_wdata = 00000000
OLD VALUE = 00000000
FWD_DBG: t=2105 Rs1E=12 Rs2E=13 RdM=14 RdW=13 RWM=1 RWW=1 MRM=0 -> A=0 B=1
UVM_INFO ../UVM_VIP/rv32i_driver.sv(83) @ 2105: uvm_test_top.env.agent.driver [DRV_LOAD] Loading IMEM[63] = 00000013
PIPE_DBG: t=2115 ifid_v=0 idex_v=0 exmem_v=1 memwb_v=0 | idex_rd=14 idex_rs1=12 idex_rs2=13 | exmem_rd=14 exmem_rw=1 | memwb_rd=13 		    memwb_rw=1 | fwdA=0 fwdB=1
EXMEM : rd=14 pc4=000000dc alu=00000018 resultsrc=0
MEMWB_RD        = 14
MEMWB_RESULTSRC = 0
MEMWB_WDATA     = 0000000d

========== CSR WRITE ==========
TIME=2115
csr_we    = 0
csr_cmd   = 0
csr_addr  = 00d
csr_raddr = 00d
csr_wdata = 00000000
OLD VALUE = 00000000

========== CSR READ ==========
TIME=2115
csr_raddr = 011
csr_rdata = 00000000
FWD_DBG: t=2115 Rs1E=12 Rs2E=13 RdM=14 RdW=14 RWM=1 RWW=1 MRM=0 -> A=0 B=0
UVM_INFO ../UVM_VIP/rv32i_driver.sv(83) @ 2115: uvm_test_top.env.agent.driver [DRV_LOAD] Loading IMEM[63] = 00000013
PIPE_DBG: t=2125 ifid_v=1 idex_v=0 exmem_v=0 memwb_v=1 | idex_rd=14 idex_rs1=12 idex_rs2=13 | exmem_rd=14 exmem_rw=1 | memwb_rd=14 		    memwb_rw=1 | fwdA=0 fwdB=0
WB : rd=14 wdata=00000018 resultsrc=0
====================================
TIME=2125
Instruction = 01100793
IDEX_PC      = 000000d8
IDEX_RV1     = 0000000b
IDEX_RV2     = 00000000
IDEX_IMM     = 0000000d
ALU_A        = 0000000b
ALU_B        = 00000000
ALU_CTRL     = 0
ALU_RES      = 0000000b
========== ID/EX LOAD ==========
IFID_INSTR = 01100793
IMM_EXT    = 00000011
IMM_SRC    = 000
OPCODE     = 13
IDEX_CSR_READ_CAPTURE: instr=01100793 csr_rdata_now=00000000

========== CSR WRITE ==========
TIME=2125
csr_we    = 0
csr_cmd   = 0
csr_addr  = 00d
csr_raddr = 011
csr_wdata = 0000000b
OLD VALUE = 00000000
FWD_DBG: t=2125 Rs1E=0 Rs2E=17 RdM=14 RdW=14 RWM=1 RWW=1 MRM=0 -> A=0 B=0
UVM_INFO ../UVM_VIP/rv32i_driver.sv(83) @ 2125: uvm_test_top.env.agent.driver [DRV_LOAD] Loading IMEM[63] = 00000013
PIPE_DBG: t=2135 ifid_v=0 idex_v=1 exmem_v=0 memwb_v=0 | idex_rd=15 idex_rs1=0 idex_rs2=17 | exmem_rd=14 exmem_rw=1 | memwb_rd=14 		    memwb_rw=1 | fwdA=0 fwdB=0
EXMEM_RD        = 15
EXMEM_RESULTSRC = 0
EXMEM_CSR_READ_CAPTURE: idex_csr_read_now=00000000

========== CSR WRITE ==========
TIME=2135
csr_we    = 0
csr_cmd   = 0
csr_addr  = 00d
csr_raddr = 011
csr_wdata = 0000000b
OLD VALUE = 00000000
FWD_DBG: t=2135 Rs1E=0 Rs2E=17 RdM=15 RdW=14 RWM=1 RWW=1 MRM=0 -> A=0 B=0
UVM_INFO ../UVM_VIP/rv32i_driver.sv(83) @ 2135: uvm_test_top.env.agent.driver [DRV_LOAD] Loading IMEM[63] = 00000013
PIPE_DBG: t=2145 ifid_v=0 idex_v=0 exmem_v=1 memwb_v=0 | idex_rd=15 idex_rs1=0 idex_rs2=17 | exmem_rd=15 exmem_rw=1 | memwb_rd=14 		    memwb_rw=1 | fwdA=0 fwdB=0
EXMEM : rd=15 pc4=000000e0 alu=00000011 resultsrc=0
MEMWB_RD        = 15
MEMWB_RESULTSRC = 0
MEMWB_WDATA     = 00000018

========== CSR WRITE ==========
TIME=2145
csr_we    = 0
csr_cmd   = 0
csr_addr  = 00d
csr_raddr = 011
csr_wdata = 0000000b
OLD VALUE = 00000000

========== CSR READ ==========
TIME=2145
csr_raddr = 000
csr_rdata = 00000000
FWD_DBG: t=2145 Rs1E=0 Rs2E=17 RdM=15 RdW=15 RWM=1 RWW=1 MRM=0 -> A=0 B=0
UVM_INFO ../UVM_VIP/rv32i_driver.sv(83) @ 2145: uvm_test_top.env.agent.driver [DRV_LOAD] Loading IMEM[63] = 00000013
PIPE_DBG: t=2155 ifid_v=1 idex_v=0 exmem_v=0 memwb_v=1 | idex_rd=15 idex_rs1=0 idex_rs2=17 | exmem_rd=15 exmem_rw=1 | memwb_rd=15 		    memwb_rw=1 | fwdA=0 fwdB=0
WB : rd=15 wdata=00000011 resultsrc=0
====================================
TIME=2155
Instruction = 00000013
IDEX_PC      = 000000dc
IDEX_RV1     = 00000000
IDEX_RV2     = 00000000
IDEX_IMM     = 00000011
ALU_A        = 00000000
ALU_B        = 00000011
ALU_CTRL     = 0
ALU_RES      = 00000011
========== ID/EX LOAD ==========
IFID_INSTR = 00000013
IMM_EXT    = 00000000
IMM_SRC    = 000
OPCODE     = 13
IDEX_CSR_READ_CAPTURE: instr=00000013 csr_rdata_now=00000000

========== CSR WRITE ==========
TIME=2155
csr_we    = 0
csr_cmd   = 0
csr_addr  = 011
csr_raddr = 000
csr_wdata = 00000000
OLD VALUE = 00000000
FWD_DBG: t=2155 Rs1E=0 Rs2E=0 RdM=15 RdW=15 RWM=1 RWW=1 MRM=0 -> A=0 B=0
UVM_INFO ../UVM_VIP/rv32i_driver.sv(83) @ 2155: uvm_test_top.env.agent.driver [DRV_LOAD] Loading IMEM[63] = 00000013
PIPE_DBG: t=2165 ifid_v=0 idex_v=1 exmem_v=0 memwb_v=0 | idex_rd=0 idex_rs1=0 idex_rs2=0 | exmem_rd=15 exmem_rw=1 | memwb_rd=15 		    memwb_rw=1 | fwdA=0 fwdB=0
EXMEM_RD        = 0
EXMEM_RESULTSRC = 0
EXMEM_CSR_READ_CAPTURE: idex_csr_read_now=00000000

========== CSR WRITE ==========
TIME=2165
csr_we    = 0
csr_cmd   = 0
csr_addr  = 011
csr_raddr = 000
csr_wdata = 00000000
OLD VALUE = 00000000
FWD_DBG: t=2165 Rs1E=0 Rs2E=0 RdM=0 RdW=15 RWM=1 RWW=1 MRM=0 -> A=0 B=0
UVM_INFO ../UVM_VIP/rv32i_driver.sv(83) @ 2165: uvm_test_top.env.agent.driver [DRV_LOAD] Loading IMEM[63] = 00000013
PIPE_DBG: t=2175 ifid_v=0 idex_v=0 exmem_v=1 memwb_v=0 | idex_rd=0 idex_rs1=0 idex_rs2=0 | exmem_rd=0 exmem_rw=1 | memwb_rd=15 		    memwb_rw=1 | fwdA=0 fwdB=0
EXMEM : rd=0 pc4=000000e4 alu=00000000 resultsrc=0
MEMWB_RD        = 0
MEMWB_RESULTSRC = 0
MEMWB_WDATA     = 00000011

========== CSR WRITE ==========
TIME=2175
csr_we    = 0
csr_cmd   = 0
csr_addr  = 011
csr_raddr = 000
csr_wdata = 00000000
OLD VALUE = 00000000

========== CSR READ ==========
TIME=2175
csr_raddr = 00f
csr_rdata = 00000000
FWD_DBG: t=2175 Rs1E=0 Rs2E=0 RdM=0 RdW=0 RWM=1 RWW=1 MRM=0 -> A=0 B=0
UVM_INFO ../UVM_VIP/rv32i_driver.sv(83) @ 2175: uvm_test_top.env.agent.driver [DRV_LOAD] Loading IMEM[63] = 00000013
PIPE_DBG: t=2185 ifid_v=1 idex_v=0 exmem_v=0 memwb_v=1 | idex_rd=0 idex_rs1=0 idex_rs2=0 | exmem_rd=0 exmem_rw=1 | memwb_rd=0 		    memwb_rw=1 | fwdA=0 fwdB=0
WB : rd=0 wdata=00000000 resultsrc=0
====================================
TIME=2185
Instruction = 00f78833
IDEX_PC      = 000000e0
IDEX_RV1     = 00000000
IDEX_RV2     = 00000000
IDEX_IMM     = 00000000
ALU_A        = 00000000
ALU_B        = 00000000
ALU_CTRL     = 0
ALU_RES      = 00000000
========== ID/EX LOAD ==========
IFID_INSTR = 00f78833
IMM_EXT    = 0000000f
IMM_SRC    = 000
OPCODE     = 33
IDEX_CSR_READ_CAPTURE: instr=00f78833 csr_rdata_now=00000000

========== CSR WRITE ==========
TIME=2185
csr_we    = 0
csr_cmd   = 0
csr_addr  = 000
csr_raddr = 00f
csr_wdata = 00000000
OLD VALUE = 00000000
FWD_DBG: t=2185 Rs1E=15 Rs2E=15 RdM=0 RdW=0 RWM=1 RWW=1 MRM=0 -> A=0 B=0
UVM_INFO ../UVM_VIP/rv32i_driver.sv(83) @ 2185: uvm_test_top.env.agent.driver [DRV_LOAD] Loading IMEM[63] = 00000013
PIPE_DBG: t=2195 ifid_v=0 idex_v=1 exmem_v=0 memwb_v=0 | idex_rd=16 idex_rs1=15 idex_rs2=15 | exmem_rd=0 exmem_rw=1 | memwb_rd=0 		    memwb_rw=1 | fwdA=0 fwdB=0
EXMEM_RD        = 16
EXMEM_RESULTSRC = 0
EXMEM_CSR_READ_CAPTURE: idex_csr_read_now=00000000

========== CSR WRITE ==========
TIME=2195
csr_we    = 0
csr_cmd   = 0
csr_addr  = 000
csr_raddr = 00f
csr_wdata = 00000000
OLD VALUE = 00000000
FWD_DBG: t=2195 Rs1E=15 Rs2E=15 RdM=16 RdW=0 RWM=1 RWW=1 MRM=0 -> A=0 B=0
UVM_INFO ../UVM_VIP/rv32i_driver.sv(83) @ 2195: uvm_test_top.env.agent.driver [DRV_LOAD] Loading IMEM[63] = 00000013
PIPE_DBG: t=2205 ifid_v=0 idex_v=0 exmem_v=1 memwb_v=0 | idex_rd=16 idex_rs1=15 idex_rs2=15 | exmem_rd=16 exmem_rw=1 | memwb_rd=0 		    memwb_rw=1 | fwdA=0 fwdB=0
EXMEM : rd=16 pc4=000000e8 alu=00000022 resultsrc=0
MEMWB_RD        = 16
MEMWB_RESULTSRC = 0
MEMWB_WDATA     = 00000000

========== CSR WRITE ==========
TIME=2205
csr_we    = 0
csr_cmd   = 0
csr_addr  = 000
csr_raddr = 00f
csr_wdata = 00000000
OLD VALUE = 00000000

========== CSR READ ==========
TIME=2205
csr_raddr = 010
csr_rdata = 00000000
FWD_DBG: t=2205 Rs1E=15 Rs2E=15 RdM=16 RdW=16 RWM=1 RWW=1 MRM=0 -> A=0 B=0
UVM_INFO ../UVM_VIP/rv32i_driver.sv(83) @ 2205: uvm_test_top.env.agent.driver [DRV_LOAD] Loading IMEM[63] = 00000013
PIPE_DBG: t=2215 ifid_v=1 idex_v=0 exmem_v=0 memwb_v=1 | idex_rd=16 idex_rs1=15 idex_rs2=15 | exmem_rd=16 exmem_rw=1 | memwb_rd=16 		    memwb_rw=1 | fwdA=0 fwdB=0
WB : rd=16 wdata=00000022 resultsrc=0
====================================
TIME=2215
Instruction = 01000813
IDEX_PC      = 000000e4
IDEX_RV1     = 00000011
IDEX_RV2     = 00000011
IDEX_IMM     = 0000000f
ALU_A        = 00000011
ALU_B        = 00000011
ALU_CTRL     = 0
ALU_RES      = 00000022
========== ID/EX LOAD ==========
IFID_INSTR = 01000813
IMM_EXT    = 00000010
IMM_SRC    = 000
OPCODE     = 13
IDEX_CSR_READ_CAPTURE: instr=01000813 csr_rdata_now=00000000

========== CSR WRITE ==========
TIME=2215
csr_we    = 0
csr_cmd   = 0
csr_addr  = 00f
csr_raddr = 010
csr_wdata = 00000011
OLD VALUE = 00000000
FWD_DBG: t=2215 Rs1E=0 Rs2E=16 RdM=16 RdW=16 RWM=1 RWW=1 MRM=0 -> A=0 B=2
UVM_INFO ../UVM_VIP/rv32i_driver.sv(83) @ 2215: uvm_test_top.env.agent.driver [DRV_LOAD] Loading IMEM[63] = 00000013
PIPE_DBG: t=2225 ifid_v=0 idex_v=1 exmem_v=0 memwb_v=0 | idex_rd=16 idex_rs1=0 idex_rs2=16 | exmem_rd=16 exmem_rw=1 | memwb_rd=16 		    memwb_rw=1 | fwdA=0 fwdB=2
EXMEM_RD        = 16
EXMEM_RESULTSRC = 0
EXMEM_CSR_READ_CAPTURE: idex_csr_read_now=00000000

========== CSR WRITE ==========
TIME=2225
csr_we    = 0
csr_cmd   = 0
csr_addr  = 00f
csr_raddr = 010
csr_wdata = 00000011
OLD VALUE = 00000000
UVM_INFO ../UVM_VIP/rv32i_driver.sv(83) @ 2225: uvm_test_top.env.agent.driver [DRV_LOAD] Loading IMEM[63] = 00000013
PIPE_DBG: t=2235 ifid_v=0 idex_v=0 exmem_v=1 memwb_v=0 | idex_rd=16 idex_rs1=0 idex_rs2=16 | exmem_rd=16 exmem_rw=1 | memwb_rd=16 		    memwb_rw=1 | fwdA=0 fwdB=2
EXMEM : rd=16 pc4=000000ec alu=00000010 resultsrc=0
MEMWB_RD        = 16
MEMWB_RESULTSRC = 0
MEMWB_WDATA     = 00000022

========== CSR WRITE ==========
TIME=2235
csr_we    = 0
csr_cmd   = 0
csr_addr  = 00f
csr_raddr = 010
csr_wdata = 00000011
OLD VALUE = 00000000

========== CSR READ ==========
TIME=2235
csr_raddr = 011
csr_rdata = 00000000
UVM_INFO ../UVM_VIP/rv32i_driver.sv(83) @ 2235: uvm_test_top.env.agent.driver [DRV_LOAD] Loading IMEM[63] = 00000013
PIPE_DBG: t=2245 ifid_v=1 idex_v=0 exmem_v=0 memwb_v=1 | idex_rd=16 idex_rs1=0 idex_rs2=16 | exmem_rd=16 exmem_rw=1 | memwb_rd=16 		    memwb_rw=1 | fwdA=0 fwdB=2
WB : rd=16 wdata=00000010 resultsrc=0
====================================
TIME=2245
Instruction = 01100893
IDEX_PC      = 000000e8
IDEX_RV1     = 00000000
IDEX_RV2     = 00000000
IDEX_IMM     = 00000010
ALU_A        = 00000000
ALU_B        = 00000010
ALU_CTRL     = 0
ALU_RES      = 00000010
========== ID/EX LOAD ==========
IFID_INSTR = 01100893
IMM_EXT    = 00000011
IMM_SRC    = 000
OPCODE     = 13
IDEX_CSR_READ_CAPTURE: instr=01100893 csr_rdata_now=00000000

========== CSR WRITE ==========
TIME=2245
csr_we    = 0
csr_cmd   = 0
csr_addr  = 010
csr_raddr = 011
csr_wdata = 00000000
OLD VALUE = 00000000
FWD_DBG: t=2245 Rs1E=0 Rs2E=17 RdM=16 RdW=16 RWM=1 RWW=1 MRM=0 -> A=0 B=0
UVM_INFO ../UVM_VIP/rv32i_driver.sv(83) @ 2245: uvm_test_top.env.agent.driver [DRV_LOAD] Loading IMEM[63] = 00000013
PIPE_DBG: t=2255 ifid_v=0 idex_v=1 exmem_v=0 memwb_v=0 | idex_rd=17 idex_rs1=0 idex_rs2=17 | exmem_rd=16 exmem_rw=1 | memwb_rd=16 		    memwb_rw=1 | fwdA=0 fwdB=0
EXMEM_RD        = 17
EXMEM_RESULTSRC = 0
EXMEM_CSR_READ_CAPTURE: idex_csr_read_now=00000000

========== CSR WRITE ==========
TIME=2255
csr_we    = 0
csr_cmd   = 0
csr_addr  = 010
csr_raddr = 011
csr_wdata = 00000000
OLD VALUE = 00000000
FWD_DBG: t=2255 Rs1E=0 Rs2E=17 RdM=17 RdW=16 RWM=1 RWW=1 MRM=0 -> A=0 B=2
UVM_INFO ../UVM_VIP/rv32i_driver.sv(83) @ 2255: uvm_test_top.env.agent.driver [DRV_LOAD] Loading IMEM[63] = 00000013
PIPE_DBG: t=2265 ifid_v=0 idex_v=0 exmem_v=1 memwb_v=0 | idex_rd=17 idex_rs1=0 idex_rs2=17 | exmem_rd=17 exmem_rw=1 | memwb_rd=16 		    memwb_rw=1 | fwdA=0 fwdB=2
EXMEM : rd=17 pc4=000000f0 alu=00000011 resultsrc=0
MEMWB_RD        = 17
MEMWB_RESULTSRC = 0
MEMWB_WDATA     = 00000010

========== CSR WRITE ==========
TIME=2265
csr_we    = 0
csr_cmd   = 0
csr_addr  = 010
csr_raddr = 011
csr_wdata = 00000000
OLD VALUE = 00000000

========== CSR READ ==========
TIME=2265
csr_raddr = 012
csr_rdata = 00000000
FWD_DBG: t=2265 Rs1E=0 Rs2E=17 RdM=17 RdW=17 RWM=1 RWW=1 MRM=0 -> A=0 B=2
UVM_INFO ../UVM_VIP/rv32i_driver.sv(83) @ 2265: uvm_test_top.env.agent.driver [DRV_LOAD] Loading IMEM[63] = 00000013
PIPE_DBG: t=2275 ifid_v=1 idex_v=0 exmem_v=0 memwb_v=1 | idex_rd=17 idex_rs1=0 idex_rs2=17 | exmem_rd=17 exmem_rw=1 | memwb_rd=17 		    memwb_rw=1 | fwdA=0 fwdB=2
WB : rd=17 wdata=00000011 resultsrc=0
====================================
TIME=2275
Instruction = 01200913
IDEX_PC      = 000000ec
IDEX_RV1     = 00000000
IDEX_RV2     = 00000000
IDEX_IMM     = 00000011
ALU_A        = 00000000
ALU_B        = 00000011
ALU_CTRL     = 0
ALU_RES      = 00000011
========== ID/EX LOAD ==========
IFID_INSTR = 01200913
IMM_EXT    = 00000012
IMM_SRC    = 000
OPCODE     = 13
IDEX_CSR_READ_CAPTURE: instr=01200913 csr_rdata_now=00000000

========== CSR WRITE ==========
TIME=2275
csr_we    = 0
csr_cmd   = 0
csr_addr  = 011
csr_raddr = 012
csr_wdata = 00000000
OLD VALUE = 00000000
FWD_DBG: t=2275 Rs1E=0 Rs2E=18 RdM=17 RdW=17 RWM=1 RWW=1 MRM=0 -> A=0 B=0
UVM_INFO ../UVM_VIP/rv32i_driver.sv(83) @ 2275: uvm_test_top.env.agent.driver [DRV_LOAD] Loading IMEM[63] = 00000013
PIPE_DBG: t=2285 ifid_v=0 idex_v=1 exmem_v=0 memwb_v=0 | idex_rd=18 idex_rs1=0 idex_rs2=18 | exmem_rd=17 exmem_rw=1 | memwb_rd=17 		    memwb_rw=1 | fwdA=0 fwdB=0
EXMEM_RD        = 18
EXMEM_RESULTSRC = 0
EXMEM_CSR_READ_CAPTURE: idex_csr_read_now=00000000

========== CSR WRITE ==========
TIME=2285
csr_we    = 0
csr_cmd   = 0
csr_addr  = 011
csr_raddr = 012
csr_wdata = 00000000
OLD VALUE = 00000000
FWD_DBG: t=2285 Rs1E=0 Rs2E=18 RdM=18 RdW=17 RWM=1 RWW=1 MRM=0 -> A=0 B=2
UVM_INFO ../UVM_VIP/rv32i_driver.sv(83) @ 2285: uvm_test_top.env.agent.driver [DRV_LOAD] Loading IMEM[63] = 00000013
PIPE_DBG: t=2295 ifid_v=0 idex_v=0 exmem_v=1 memwb_v=0 | idex_rd=18 idex_rs1=0 idex_rs2=18 | exmem_rd=18 exmem_rw=1 | memwb_rd=17 		    memwb_rw=1 | fwdA=0 fwdB=2
EXMEM : rd=18 pc4=000000f4 alu=00000012 resultsrc=0
MEMWB_RD        = 18
MEMWB_RESULTSRC = 0
MEMWB_WDATA     = 00000011

========== CSR WRITE ==========
TIME=2295
csr_we    = 0
csr_cmd   = 0
csr_addr  = 011
csr_raddr = 012
csr_wdata = 00000000
OLD VALUE = 00000000

========== CSR READ ==========
TIME=2295
csr_raddr = 013
csr_rdata = 00000000
FWD_DBG: t=2295 Rs1E=0 Rs2E=18 RdM=18 RdW=18 RWM=1 RWW=1 MRM=0 -> A=0 B=2
UVM_INFO ../UVM_VIP/rv32i_driver.sv(83) @ 2295: uvm_test_top.env.agent.driver [DRV_LOAD] Loading IMEM[63] = 00000013
PIPE_DBG: t=2305 ifid_v=1 idex_v=0 exmem_v=0 memwb_v=1 | idex_rd=18 idex_rs1=0 idex_rs2=18 | exmem_rd=18 exmem_rw=1 | memwb_rd=18 		    memwb_rw=1 | fwdA=0 fwdB=2
WB : rd=18 wdata=00000012 resultsrc=0
====================================
TIME=2305
Instruction = 01300993
IDEX_PC      = 000000f0
IDEX_RV1     = 00000000
IDEX_RV2     = 00000000
IDEX_IMM     = 00000012
ALU_A        = 00000000
ALU_B        = 00000012
ALU_CTRL     = 0
ALU_RES      = 00000012
========== ID/EX LOAD ==========
IFID_INSTR = 01300993
IMM_EXT    = 00000013
IMM_SRC    = 000
OPCODE     = 13
IDEX_CSR_READ_CAPTURE: instr=01300993 csr_rdata_now=00000000

========== CSR WRITE ==========
TIME=2305
csr_we    = 0
csr_cmd   = 0
csr_addr  = 012
csr_raddr = 013
csr_wdata = 00000000
OLD VALUE = 00000000
FWD_DBG: t=2305 Rs1E=0 Rs2E=19 RdM=18 RdW=18 RWM=1 RWW=1 MRM=0 -> A=0 B=0
UVM_INFO ../UVM_VIP/rv32i_driver.sv(83) @ 2305: uvm_test_top.env.agent.driver [DRV_LOAD] Loading IMEM[63] = 00000013
PIPE_DBG: t=2315 ifid_v=0 idex_v=1 exmem_v=0 memwb_v=0 | idex_rd=19 idex_rs1=0 idex_rs2=19 | exmem_rd=18 exmem_rw=1 | memwb_rd=18 		    memwb_rw=1 | fwdA=0 fwdB=0
EXMEM_RD        = 19
EXMEM_RESULTSRC = 0
EXMEM_CSR_READ_CAPTURE: idex_csr_read_now=00000000

========== CSR WRITE ==========
TIME=2315
csr_we    = 0
csr_cmd   = 0
csr_addr  = 012
csr_raddr = 013
csr_wdata = 00000000
OLD VALUE = 00000000
FWD_DBG: t=2315 Rs1E=0 Rs2E=19 RdM=19 RdW=18 RWM=1 RWW=1 MRM=0 -> A=0 B=2
UVM_INFO ../UVM_VIP/rv32i_driver.sv(83) @ 2315: uvm_test_top.env.agent.driver [DRV_LOAD] Loading IMEM[63] = 00000013
PIPE_DBG: t=2325 ifid_v=0 idex_v=0 exmem_v=1 memwb_v=0 | idex_rd=19 idex_rs1=0 idex_rs2=19 | exmem_rd=19 exmem_rw=1 | memwb_rd=18 		    memwb_rw=1 | fwdA=0 fwdB=2
EXMEM : rd=19 pc4=000000f8 alu=00000013 resultsrc=0
MEMWB_RD        = 19
MEMWB_RESULTSRC = 0
MEMWB_WDATA     = 00000012

========== CSR WRITE ==========
TIME=2325
csr_we    = 0
csr_cmd   = 0
csr_addr  = 012
csr_raddr = 013
csr_wdata = 00000000
OLD VALUE = 00000000

========== CSR READ ==========
TIME=2325
csr_raddr = 014
csr_rdata = 00000000
FWD_DBG: t=2325 Rs1E=0 Rs2E=19 RdM=19 RdW=19 RWM=1 RWW=1 MRM=0 -> A=0 B=2
UVM_INFO ../UVM_VIP/rv32i_driver.sv(83) @ 2325: uvm_test_top.env.agent.driver [DRV_LOAD] Loading IMEM[63] = 00000013
PIPE_DBG: t=2335 ifid_v=1 idex_v=0 exmem_v=0 memwb_v=1 | idex_rd=19 idex_rs1=0 idex_rs2=19 | exmem_rd=19 exmem_rw=1 | memwb_rd=19 		    memwb_rw=1 | fwdA=0 fwdB=2
WB : rd=19 wdata=00000013 resultsrc=0
====================================
TIME=2335
Instruction = 01400a13
IDEX_PC      = 000000f4
IDEX_RV1     = 00000000
IDEX_RV2     = 00000000
IDEX_IMM     = 00000013
ALU_A        = 00000000
ALU_B        = 00000013
ALU_CTRL     = 0
ALU_RES      = 00000013
========== ID/EX LOAD ==========
IFID_INSTR = 01400a13
IMM_EXT    = 00000014
IMM_SRC    = 000
OPCODE     = 13
IDEX_CSR_READ_CAPTURE: instr=01400a13 csr_rdata_now=00000000

========== CSR WRITE ==========
TIME=2335
csr_we    = 0
csr_cmd   = 0
csr_addr  = 013
csr_raddr = 014
csr_wdata = 00000000
OLD VALUE = 00000000
FWD_DBG: t=2335 Rs1E=0 Rs2E=20 RdM=19 RdW=19 RWM=1 RWW=1 MRM=0 -> A=0 B=0
UVM_INFO ../UVM_VIP/rv32i_driver.sv(83) @ 2335: uvm_test_top.env.agent.driver [DRV_LOAD] Loading IMEM[63] = 00000013
PIPE_DBG: t=2345 ifid_v=0 idex_v=1 exmem_v=0 memwb_v=0 | idex_rd=20 idex_rs1=0 idex_rs2=20 | exmem_rd=19 exmem_rw=1 | memwb_rd=19 		    memwb_rw=1 | fwdA=0 fwdB=0
EXMEM_RD        = 20
EXMEM_RESULTSRC = 0
EXMEM_CSR_READ_CAPTURE: idex_csr_read_now=00000000

========== CSR WRITE ==========
TIME=2345
csr_we    = 0
csr_cmd   = 0
csr_addr  = 013
csr_raddr = 014
csr_wdata = 00000000
OLD VALUE = 00000000
FWD_DBG: t=2345 Rs1E=0 Rs2E=20 RdM=20 RdW=19 RWM=1 RWW=1 MRM=0 -> A=0 B=2
UVM_INFO ../UVM_VIP/rv32i_driver.sv(83) @ 2345: uvm_test_top.env.agent.driver [DRV_LOAD] Loading IMEM[63] = 00000013
PIPE_DBG: t=2355 ifid_v=0 idex_v=0 exmem_v=1 memwb_v=0 | idex_rd=20 idex_rs1=0 idex_rs2=20 | exmem_rd=20 exmem_rw=1 | memwb_rd=19 		    memwb_rw=1 | fwdA=0 fwdB=2
EXMEM : rd=20 pc4=000000fc alu=00000014 resultsrc=0
MEMWB_RD        = 20
MEMWB_RESULTSRC = 0
MEMWB_WDATA     = 00000013

========== CSR WRITE ==========
TIME=2355
csr_we    = 0
csr_cmd   = 0
csr_addr  = 013
csr_raddr = 014
csr_wdata = 00000000
OLD VALUE = 00000000

========== CSR READ ==========
TIME=2355
csr_raddr = 000
csr_rdata = 00000000
FWD_DBG: t=2355 Rs1E=0 Rs2E=20 RdM=20 RdW=20 RWM=1 RWW=1 MRM=0 -> A=0 B=2
UVM_INFO ../UVM_VIP/rv32i_driver.sv(83) @ 2355: uvm_test_top.env.agent.driver [DRV_LOAD] Loading IMEM[63] = 00000013
PIPE_DBG: t=2365 ifid_v=1 idex_v=0 exmem_v=0 memwb_v=1 | idex_rd=20 idex_rs1=0 idex_rs2=20 | exmem_rd=20 exmem_rw=1 | memwb_rd=20 		    memwb_rw=1 | fwdA=0 fwdB=2
WB : rd=20 wdata=00000014 resultsrc=0
====================================
TIME=2365
Instruction = 00000013
IDEX_PC      = 000000f8
IDEX_RV1     = 00000000
IDEX_RV2     = 0000006f
IDEX_IMM     = 00000014
ALU_A        = 00000000
ALU_B        = 00000014
ALU_CTRL     = 0
ALU_RES      = 00000014
========== ID/EX LOAD ==========
IFID_INSTR = 00000013
IMM_EXT    = 00000000
IMM_SRC    = 000
OPCODE     = 13
IDEX_CSR_READ_CAPTURE: instr=00000013 csr_rdata_now=00000000

========== CSR WRITE ==========
TIME=2365
csr_we    = 0
csr_cmd   = 0
csr_addr  = 014
csr_raddr = 000
csr_wdata = 00000000
OLD VALUE = 00000000
FWD_DBG: t=2365 Rs1E=0 Rs2E=0 RdM=20 RdW=20 RWM=1 RWW=1 MRM=0 -> A=0 B=0
UVM_INFO ../UVM_VIP/rv32i_driver.sv(83) @ 2365: uvm_test_top.env.agent.driver [DRV_LOAD] Loading IMEM[63] = 00000013
PIPE_DBG: t=2375 ifid_v=0 idex_v=1 exmem_v=0 memwb_v=0 | idex_rd=0 idex_rs1=0 idex_rs2=0 | exmem_rd=20 exmem_rw=1 | memwb_rd=20 		    memwb_rw=1 | fwdA=0 fwdB=0
EXMEM_RD        = 0
EXMEM_RESULTSRC = 0
EXMEM_CSR_READ_CAPTURE: idex_csr_read_now=00000000

========== CSR WRITE ==========
TIME=2375
csr_we    = 0
csr_cmd   = 0
csr_addr  = 014
csr_raddr = 000
csr_wdata = 00000000
OLD VALUE = 00000000
FWD_DBG: t=2375 Rs1E=0 Rs2E=0 RdM=0 RdW=20 RWM=1 RWW=1 MRM=0 -> A=0 B=0
UVM_INFO ../UVM_VIP/rv32i_driver.sv(83) @ 2375: uvm_test_top.env.agent.driver [DRV_LOAD] Loading IMEM[63] = 00000013
PIPE_DBG: t=2385 ifid_v=0 idex_v=0 exmem_v=1 memwb_v=0 | idex_rd=0 idex_rs1=0 idex_rs2=0 | exmem_rd=0 exmem_rw=1 | memwb_rd=20 		    memwb_rw=1 | fwdA=0 fwdB=0
EXMEM : rd=0 pc4=00000100 alu=00000000 resultsrc=0
MEMWB_RD        = 0
MEMWB_RESULTSRC = 0
MEMWB_WDATA     = 00000014

========== CSR WRITE ==========
TIME=2385
csr_we    = 0
csr_cmd   = 0
csr_addr  = 014
csr_raddr = 000
csr_wdata = 00000000
OLD VALUE = 00000000

========== CSR READ ==========
TIME=2385
csr_raddr = 016
csr_rdata = 00000000
FWD_DBG: t=2385 Rs1E=0 Rs2E=0 RdM=0 RdW=0 RWM=1 RWW=1 MRM=0 -> A=0 B=0
UVM_INFO ../UVM_VIP/rv32i_driver.sv(83) @ 2385: uvm_test_top.env.agent.driver [DRV_LOAD] Loading IMEM[63] = 00000013
PIPE_DBG: t=2395 ifid_v=1 idex_v=0 exmem_v=0 memwb_v=1 | idex_rd=0 idex_rs1=0 idex_rs2=0 | exmem_rd=0 exmem_rw=1 | memwb_rd=0 		    memwb_rw=1 | fwdA=0 fwdB=0
WB : rd=0 wdata=00000000 resultsrc=0
====================================
TIME=2395
Instruction = 01600b13
IDEX_PC      = 000000fc
IDEX_RV1     = 00000000
IDEX_RV2     = 00000000
IDEX_IMM     = 00000000
ALU_A        = 00000000
ALU_B        = 00000000
ALU_CTRL     = 0
ALU_RES      = 00000000
========== ID/EX LOAD ==========
IFID_INSTR = 01600b13
IMM_EXT    = 00000016
IMM_SRC    = 000
OPCODE     = 13
IDEX_CSR_READ_CAPTURE: instr=01600b13 csr_rdata_now=00000000

========== CSR WRITE ==========
TIME=2395
csr_we    = 0
csr_cmd   = 0
csr_addr  = 000
csr_raddr = 016
csr_wdata = 00000000
OLD VALUE = 00000000
FWD_DBG: t=2395 Rs1E=0 Rs2E=22 RdM=0 RdW=0 RWM=1 RWW=1 MRM=0 -> A=0 B=0
UVM_INFO ../UVM_VIP/rv32i_driver.sv(83) @ 2395: uvm_test_top.env.agent.driver [DRV_LOAD] Loading IMEM[63] = 00000013
PIPE_DBG: t=2405 ifid_v=0 idex_v=1 exmem_v=0 memwb_v=0 | idex_rd=22 idex_rs1=0 idex_rs2=22 | exmem_rd=0 exmem_rw=1 | memwb_rd=0 		    memwb_rw=1 | fwdA=0 fwdB=0
EXMEM_RD        = 22
EXMEM_RESULTSRC = 0
EXMEM_CSR_READ_CAPTURE: idex_csr_read_now=00000000

========== CSR WRITE ==========
TIME=2405
csr_we    = 0
csr_cmd   = 0
csr_addr  = 000
csr_raddr = 016
csr_wdata = 00000000
OLD VALUE = 00000000
FWD_DBG: t=2405 Rs1E=0 Rs2E=22 RdM=22 RdW=0 RWM=1 RWW=1 MRM=0 -> A=0 B=2
UVM_INFO ../UVM_VIP/rv32i_driver.sv(83) @ 2405: uvm_test_top.env.agent.driver [DRV_LOAD] Loading IMEM[63] = 00000013
PIPE_DBG: t=2415 ifid_v=0 idex_v=0 exmem_v=1 memwb_v=0 | idex_rd=22 idex_rs1=0 idex_rs2=22 | exmem_rd=22 exmem_rw=1 | memwb_rd=0 		    memwb_rw=1 | fwdA=0 fwdB=2
EXMEM : rd=22 pc4=00000104 alu=00000016 resultsrc=0
MEMWB_RD        = 22
MEMWB_RESULTSRC = 0
MEMWB_WDATA     = 00000000

========== CSR WRITE ==========
TIME=2415
csr_we    = 0
csr_cmd   = 0
csr_addr  = 000
csr_raddr = 016
csr_wdata = 00000000
OLD VALUE = 00000000

========== CSR READ ==========
TIME=2415
csr_raddr = 017
csr_rdata = 00000000
FWD_DBG: t=2415 Rs1E=0 Rs2E=22 RdM=22 RdW=22 RWM=1 RWW=1 MRM=0 -> A=0 B=2
UVM_INFO ../UVM_VIP/rv32i_driver.sv(83) @ 2415: uvm_test_top.env.agent.driver [DRV_LOAD] Loading IMEM[63] = 00000013
PIPE_DBG: t=2425 ifid_v=1 idex_v=0 exmem_v=0 memwb_v=1 | idex_rd=22 idex_rs1=0 idex_rs2=22 | exmem_rd=22 exmem_rw=1 | memwb_rd=22 		    memwb_rw=1 | fwdA=0 fwdB=2
WB : rd=22 wdata=00000016 resultsrc=0
====================================
TIME=2425
Instruction = 01700b93
IDEX_PC      = 00000100
IDEX_RV1     = 00000000
IDEX_RV2     = 0000006f
IDEX_IMM     = 00000016
ALU_A        = 00000000
ALU_B        = 00000016
ALU_CTRL     = 0
ALU_RES      = 00000016
========== ID/EX LOAD ==========
IFID_INSTR = 01700b93
IMM_EXT    = 00000017
IMM_SRC    = 000
OPCODE     = 13
IDEX_CSR_READ_CAPTURE: instr=01700b93 csr_rdata_now=00000000

========== CSR WRITE ==========
TIME=2425
csr_we    = 0
csr_cmd   = 0
csr_addr  = 016
csr_raddr = 017
csr_wdata = 00000000
OLD VALUE = 00000000
FWD_DBG: t=2425 Rs1E=0 Rs2E=23 RdM=22 RdW=22 RWM=1 RWW=1 MRM=0 -> A=0 B=0
UVM_INFO ../UVM_VIP/rv32i_driver.sv(83) @ 2425: uvm_test_top.env.agent.driver [DRV_LOAD] Loading IMEM[63] = 00000013
PIPE_DBG: t=2435 ifid_v=0 idex_v=1 exmem_v=0 memwb_v=0 | idex_rd=23 idex_rs1=0 idex_rs2=23 | exmem_rd=22 exmem_rw=1 | memwb_rd=22 		    memwb_rw=1 | fwdA=0 fwdB=0
EXMEM_RD        = 23
EXMEM_RESULTSRC = 0
EXMEM_CSR_READ_CAPTURE: idex_csr_read_now=00000000

========== CSR WRITE ==========
TIME=2435
csr_we    = 0
csr_cmd   = 0
csr_addr  = 016
csr_raddr = 017
csr_wdata = 00000000
OLD VALUE = 00000000
FWD_DBG: t=2435 Rs1E=0 Rs2E=23 RdM=23 RdW=22 RWM=1 RWW=1 MRM=0 -> A=0 B=2
UVM_INFO ../UVM_VIP/rv32i_driver.sv(83) @ 2435: uvm_test_top.env.agent.driver [DRV_LOAD] Loading IMEM[63] = 00000013
PIPE_DBG: t=2445 ifid_v=0 idex_v=0 exmem_v=1 memwb_v=0 | idex_rd=23 idex_rs1=0 idex_rs2=23 | exmem_rd=23 exmem_rw=1 | memwb_rd=22 		    memwb_rw=1 | fwdA=0 fwdB=2
EXMEM : rd=23 pc4=00000108 alu=00000017 resultsrc=0
MEMWB_RD        = 23
MEMWB_RESULTSRC = 0
MEMWB_WDATA     = 00000016

========== CSR WRITE ==========
TIME=2445
csr_we    = 0
csr_cmd   = 0
csr_addr  = 016
csr_raddr = 017
csr_wdata = 00000000
OLD VALUE = 00000000

========== CSR READ ==========
TIME=2445
csr_raddr = 018
csr_rdata = 00000000
FWD_DBG: t=2445 Rs1E=0 Rs2E=23 RdM=23 RdW=23 RWM=1 RWW=1 MRM=0 -> A=0 B=2
UVM_INFO ../UVM_VIP/rv32i_driver.sv(83) @ 2445: uvm_test_top.env.agent.driver [DRV_LOAD] Loading IMEM[63] = 00000013
PIPE_DBG: t=2455 ifid_v=1 idex_v=0 exmem_v=0 memwb_v=1 | idex_rd=23 idex_rs1=0 idex_rs2=23 | exmem_rd=23 exmem_rw=1 | memwb_rd=23 		    memwb_rw=1 | fwdA=0 fwdB=2
WB : rd=23 wdata=00000017 resultsrc=0
====================================
TIME=2455
Instruction = 01800c13
IDEX_PC      = 00000104
IDEX_RV1     = 00000000
IDEX_RV2     = 0000006f
IDEX_IMM     = 00000017
ALU_A        = 00000000
ALU_B        = 00000017
ALU_CTRL     = 0
ALU_RES      = 00000017
========== ID/EX LOAD ==========
IFID_INSTR = 01800c13
IMM_EXT    = 00000018
IMM_SRC    = 000
OPCODE     = 13
IDEX_CSR_READ_CAPTURE: instr=01800c13 csr_rdata_now=00000000

========== CSR WRITE ==========
TIME=2455
csr_we    = 0
csr_cmd   = 0
csr_addr  = 017
csr_raddr = 018
csr_wdata = 00000000
OLD VALUE = 00000000
FWD_DBG: t=2455 Rs1E=0 Rs2E=24 RdM=23 RdW=23 RWM=1 RWW=1 MRM=0 -> A=0 B=0
UVM_INFO ../UVM_VIP/rv32i_driver.sv(83) @ 2455: uvm_test_top.env.agent.driver [DRV_LOAD] Loading IMEM[63] = 00000013
PIPE_DBG: t=2465 ifid_v=0 idex_v=1 exmem_v=0 memwb_v=0 | idex_rd=24 idex_rs1=0 idex_rs2=24 | exmem_rd=23 exmem_rw=1 | memwb_rd=23 		    memwb_rw=1 | fwdA=0 fwdB=0
EXMEM_RD        = 24
EXMEM_RESULTSRC = 0
EXMEM_CSR_READ_CAPTURE: idex_csr_read_now=00000000

========== CSR WRITE ==========
TIME=2465
csr_we    = 0
csr_cmd   = 0
csr_addr  = 017
csr_raddr = 018
csr_wdata = 00000000
OLD VALUE = 00000000
FWD_DBG: t=2465 Rs1E=0 Rs2E=24 RdM=24 RdW=23 RWM=1 RWW=1 MRM=0 -> A=0 B=2
UVM_INFO ../UVM_VIP/rv32i_driver.sv(83) @ 2465: uvm_test_top.env.agent.driver [DRV_LOAD] Loading IMEM[63] = 00000013
PIPE_DBG: t=2475 ifid_v=0 idex_v=0 exmem_v=1 memwb_v=0 | idex_rd=24 idex_rs1=0 idex_rs2=24 | exmem_rd=24 exmem_rw=1 | memwb_rd=23 		    memwb_rw=1 | fwdA=0 fwdB=2
EXMEM : rd=24 pc4=0000010c alu=00000018 resultsrc=0
MEMWB_RD        = 24
MEMWB_RESULTSRC = 0
MEMWB_WDATA     = 00000017

========== CSR WRITE ==========
TIME=2475
csr_we    = 0
csr_cmd   = 0
csr_addr  = 017
csr_raddr = 018
csr_wdata = 00000000
OLD VALUE = 00000000

========== CSR READ ==========
TIME=2475
csr_raddr = 019
csr_rdata = 00000000
FWD_DBG: t=2475 Rs1E=0 Rs2E=24 RdM=24 RdW=24 RWM=1 RWW=1 MRM=0 -> A=0 B=2
UVM_INFO ../UVM_VIP/rv32i_driver.sv(83) @ 2475: uvm_test_top.env.agent.driver [DRV_LOAD] Loading IMEM[63] = 00000013
PIPE_DBG: t=2485 ifid_v=1 idex_v=0 exmem_v=0 memwb_v=1 | idex_rd=24 idex_rs1=0 idex_rs2=24 | exmem_rd=24 exmem_rw=1 | memwb_rd=24 		    memwb_rw=1 | fwdA=0 fwdB=2
WB : rd=24 wdata=00000018 resultsrc=0
====================================
TIME=2485
Instruction = 01900c93
IDEX_PC      = 00000108
IDEX_RV1     = 00000000
IDEX_RV2     = 0000006f
IDEX_IMM     = 00000018
ALU_A        = 00000000
ALU_B        = 00000018
ALU_CTRL     = 0
ALU_RES      = 00000018
========== ID/EX LOAD ==========
IFID_INSTR = 01900c93
IMM_EXT    = 00000019
IMM_SRC    = 000
OPCODE     = 13
IDEX_CSR_READ_CAPTURE: instr=01900c93 csr_rdata_now=00000000

========== CSR WRITE ==========
TIME=2485
csr_we    = 0
csr_cmd   = 0
csr_addr  = 018
csr_raddr = 019
csr_wdata = 00000000
OLD VALUE = 00000000
FWD_DBG: t=2485 Rs1E=0 Rs2E=25 RdM=24 RdW=24 RWM=1 RWW=1 MRM=0 -> A=0 B=0
UVM_INFO ../UVM_VIP/rv32i_driver.sv(83) @ 2485: uvm_test_top.env.agent.driver [DRV_LOAD] Loading IMEM[63] = 00000013
PIPE_DBG: t=2495 ifid_v=0 idex_v=1 exmem_v=0 memwb_v=0 | idex_rd=25 idex_rs1=0 idex_rs2=25 | exmem_rd=24 exmem_rw=1 | memwb_rd=24 		    memwb_rw=1 | fwdA=0 fwdB=0
EXMEM_RD        = 25
EXMEM_RESULTSRC = 0
EXMEM_CSR_READ_CAPTURE: idex_csr_read_now=00000000

========== CSR WRITE ==========
TIME=2495
csr_we    = 0
csr_cmd   = 0
csr_addr  = 018
csr_raddr = 019
csr_wdata = 00000000
OLD VALUE = 00000000
FWD_DBG: t=2495 Rs1E=0 Rs2E=25 RdM=25 RdW=24 RWM=1 RWW=1 MRM=0 -> A=0 B=2
UVM_INFO ../UVM_VIP/rv32i_driver.sv(83) @ 2495: uvm_test_top.env.agent.driver [DRV_LOAD] Loading IMEM[63] = 00000013
PIPE_DBG: t=2505 ifid_v=0 idex_v=0 exmem_v=1 memwb_v=0 | idex_rd=25 idex_rs1=0 idex_rs2=25 | exmem_rd=25 exmem_rw=1 | memwb_rd=24 		    memwb_rw=1 | fwdA=0 fwdB=2
EXMEM : rd=25 pc4=00000110 alu=00000019 resultsrc=0
MEMWB_RD        = 25
MEMWB_RESULTSRC = 0
MEMWB_WDATA     = 00000018

========== CSR WRITE ==========
TIME=2505
csr_we    = 0
csr_cmd   = 0
csr_addr  = 018
csr_raddr = 019
csr_wdata = 00000000
OLD VALUE = 00000000

========== CSR READ ==========
TIME=2505
csr_raddr = 01a
csr_rdata = 00000000
FWD_DBG: t=2505 Rs1E=0 Rs2E=25 RdM=25 RdW=25 RWM=1 RWW=1 MRM=0 -> A=0 B=2
UVM_INFO ../UVM_VIP/rv32i_driver.sv(83) @ 2505: uvm_test_top.env.agent.driver [DRV_LOAD] Loading IMEM[63] = 00000013
PIPE_DBG: t=2515 ifid_v=1 idex_v=0 exmem_v=0 memwb_v=1 | idex_rd=25 idex_rs1=0 idex_rs2=25 | exmem_rd=25 exmem_rw=1 | memwb_rd=25 		    memwb_rw=1 | fwdA=0 fwdB=2
WB : rd=25 wdata=00000019 resultsrc=0
====================================
TIME=2515
Instruction = 01a00d13
IDEX_PC      = 0000010c
IDEX_RV1     = 00000000
IDEX_RV2     = 0000006f
IDEX_IMM     = 00000019
ALU_A        = 00000000
ALU_B        = 00000019
ALU_CTRL     = 0
ALU_RES      = 00000019
========== ID/EX LOAD ==========
IFID_INSTR = 01a00d13
IMM_EXT    = 0000001a
IMM_SRC    = 000
OPCODE     = 13
IDEX_CSR_READ_CAPTURE: instr=01a00d13 csr_rdata_now=00000000

========== CSR WRITE ==========
TIME=2515
csr_we    = 0
csr_cmd   = 0
csr_addr  = 019
csr_raddr = 01a
csr_wdata = 00000000
OLD VALUE = 00000000
FWD_DBG: t=2515 Rs1E=0 Rs2E=26 RdM=25 RdW=25 RWM=1 RWW=1 MRM=0 -> A=0 B=0
UVM_INFO ../UVM_VIP/rv32i_driver.sv(83) @ 2515: uvm_test_top.env.agent.driver [DRV_LOAD] Loading IMEM[63] = 00000013
PIPE_DBG: t=2525 ifid_v=0 idex_v=1 exmem_v=0 memwb_v=0 | idex_rd=26 idex_rs1=0 idex_rs2=26 | exmem_rd=25 exmem_rw=1 | memwb_rd=25 		    memwb_rw=1 | fwdA=0 fwdB=0
EXMEM_RD        = 26
EXMEM_RESULTSRC = 0
EXMEM_CSR_READ_CAPTURE: idex_csr_read_now=00000000

========== CSR WRITE ==========
TIME=2525
csr_we    = 0
csr_cmd   = 0
csr_addr  = 019
csr_raddr = 01a
csr_wdata = 00000000
OLD VALUE = 00000000
FWD_DBG: t=2525 Rs1E=0 Rs2E=26 RdM=26 RdW=25 RWM=1 RWW=1 MRM=0 -> A=0 B=2
UVM_INFO ../UVM_VIP/rv32i_driver.sv(83) @ 2525: uvm_test_top.env.agent.driver [DRV_LOAD] Loading IMEM[63] = 00000013
PIPE_DBG: t=2535 ifid_v=0 idex_v=0 exmem_v=1 memwb_v=0 | idex_rd=26 idex_rs1=0 idex_rs2=26 | exmem_rd=26 exmem_rw=1 | memwb_rd=25 		    memwb_rw=1 | fwdA=0 fwdB=2
EXMEM : rd=26 pc4=00000114 alu=0000001a resultsrc=0
MEMWB_RD        = 26
MEMWB_RESULTSRC = 0
MEMWB_WDATA     = 00000019

========== CSR WRITE ==========
TIME=2535
csr_we    = 0
csr_cmd   = 0
csr_addr  = 019
csr_raddr = 01a
csr_wdata = 00000000
OLD VALUE = 00000000

========== CSR READ ==========
TIME=2535
csr_raddr = 01b
csr_rdata = 00000000
FWD_DBG: t=2535 Rs1E=0 Rs2E=26 RdM=26 RdW=26 RWM=1 RWW=1 MRM=0 -> A=0 B=2
UVM_INFO ../UVM_VIP/rv32i_driver.sv(83) @ 2535: uvm_test_top.env.agent.driver [DRV_LOAD] Loading IMEM[63] = 00000013
PIPE_DBG: t=2545 ifid_v=1 idex_v=0 exmem_v=0 memwb_v=1 | idex_rd=26 idex_rs1=0 idex_rs2=26 | exmem_rd=26 exmem_rw=1 | memwb_rd=26 		    memwb_rw=1 | fwdA=0 fwdB=2
WB : rd=26 wdata=0000001a resultsrc=0
====================================
TIME=2545
Instruction = 01b00d93
IDEX_PC      = 00000110
IDEX_RV1     = 00000000
IDEX_RV2     = 00000032
IDEX_IMM     = 0000001a
ALU_A        = 00000000
ALU_B        = 0000001a
ALU_CTRL     = 0
ALU_RES      = 0000001a
========== ID/EX LOAD ==========
IFID_INSTR = 01b00d93
IMM_EXT    = 0000001b
IMM_SRC    = 000
OPCODE     = 13
IDEX_CSR_READ_CAPTURE: instr=01b00d93 csr_rdata_now=00000000

========== CSR WRITE ==========
TIME=2545
csr_we    = 0
csr_cmd   = 0
csr_addr  = 01a
csr_raddr = 01b
csr_wdata = 00000000
OLD VALUE = 00000000
FWD_DBG: t=2545 Rs1E=0 Rs2E=27 RdM=26 RdW=26 RWM=1 RWW=1 MRM=0 -> A=0 B=0
UVM_INFO ../UVM_VIP/rv32i_driver.sv(83) @ 2545: uvm_test_top.env.agent.driver [DRV_LOAD] Loading IMEM[63] = 00000013
PIPE_DBG: t=2555 ifid_v=0 idex_v=1 exmem_v=0 memwb_v=0 | idex_rd=27 idex_rs1=0 idex_rs2=27 | exmem_rd=26 exmem_rw=1 | memwb_rd=26 		    memwb_rw=1 | fwdA=0 fwdB=0
EXMEM_RD        = 27
EXMEM_RESULTSRC = 0
EXMEM_CSR_READ_CAPTURE: idex_csr_read_now=00000000

========== CSR WRITE ==========
TIME=2555
csr_we    = 0
csr_cmd   = 0
csr_addr  = 01a
csr_raddr = 01b
csr_wdata = 00000000
OLD VALUE = 00000000
FWD_DBG: t=2555 Rs1E=0 Rs2E=27 RdM=27 RdW=26 RWM=1 RWW=1 MRM=0 -> A=0 B=2
UVM_INFO ../UVM_VIP/rv32i_driver.sv(83) @ 2555: uvm_test_top.env.agent.driver [DRV_LOAD] Loading IMEM[63] = 00000013
PIPE_DBG: t=2565 ifid_v=0 idex_v=0 exmem_v=1 memwb_v=0 | idex_rd=27 idex_rs1=0 idex_rs2=27 | exmem_rd=27 exmem_rw=1 | memwb_rd=26 		    memwb_rw=1 | fwdA=0 fwdB=2
EXMEM : rd=27 pc4=00000118 alu=0000001b resultsrc=0
MEMWB_RD        = 27
MEMWB_RESULTSRC = 0
MEMWB_WDATA     = 0000001a

========== CSR WRITE ==========
TIME=2565
csr_we    = 0
csr_cmd   = 0
csr_addr  = 01a
csr_raddr = 01b
csr_wdata = 00000000
OLD VALUE = 00000000

========== CSR READ ==========
TIME=2565
csr_raddr = 01c
csr_rdata = 00000000
FWD_DBG: t=2565 Rs1E=0 Rs2E=27 RdM=27 RdW=27 RWM=1 RWW=1 MRM=0 -> A=0 B=2
UVM_INFO ../UVM_VIP/rv32i_driver.sv(83) @ 2565: uvm_test_top.env.agent.driver [DRV_LOAD] Loading IMEM[63] = 00000013
PIPE_DBG: t=2575 ifid_v=1 idex_v=0 exmem_v=0 memwb_v=1 | idex_rd=27 idex_rs1=0 idex_rs2=27 | exmem_rd=27 exmem_rw=1 | memwb_rd=27 		    memwb_rw=1 | fwdA=0 fwdB=2
WB : rd=27 wdata=0000001b resultsrc=0
====================================
TIME=2575
Instruction = 01c00e13
IDEX_PC      = 00000114
IDEX_RV1     = 00000000
IDEX_RV2     = 0000003c
IDEX_IMM     = 0000001b
ALU_A        = 00000000
ALU_B        = 0000001b
ALU_CTRL     = 0
ALU_RES      = 0000001b
========== ID/EX LOAD ==========
IFID_INSTR = 01c00e13
IMM_EXT    = 0000001c
IMM_SRC    = 000
OPCODE     = 13
IDEX_CSR_READ_CAPTURE: instr=01c00e13 csr_rdata_now=00000000

========== CSR WRITE ==========
TIME=2575
csr_we    = 0
csr_cmd   = 0
csr_addr  = 01b
csr_raddr = 01c
csr_wdata = 00000000
OLD VALUE = 00000000
FWD_DBG: t=2575 Rs1E=0 Rs2E=28 RdM=27 RdW=27 RWM=1 RWW=1 MRM=0 -> A=0 B=0
UVM_INFO ../UVM_VIP/rv32i_driver.sv(83) @ 2575: uvm_test_top.env.agent.driver [DRV_LOAD] Loading IMEM[63] = 00000013
PIPE_DBG: t=2585 ifid_v=0 idex_v=1 exmem_v=0 memwb_v=0 | idex_rd=28 idex_rs1=0 idex_rs2=28 | exmem_rd=27 exmem_rw=1 | memwb_rd=27 		    memwb_rw=1 | fwdA=0 fwdB=0
EXMEM_RD        = 28
EXMEM_RESULTSRC = 0
EXMEM_CSR_READ_CAPTURE: idex_csr_read_now=00000000

========== CSR WRITE ==========
TIME=2585
csr_we    = 0
csr_cmd   = 0
csr_addr  = 01b
csr_raddr = 01c
csr_wdata = 00000000
OLD VALUE = 00000000
FWD_DBG: t=2585 Rs1E=0 Rs2E=28 RdM=28 RdW=27 RWM=1 RWW=1 MRM=0 -> A=0 B=2
UVM_INFO ../UVM_VIP/rv32i_driver.sv(83) @ 2585: uvm_test_top.env.agent.driver [DRV_LOAD] Loading IMEM[63] = 00000013
PIPE_DBG: t=2595 ifid_v=0 idex_v=0 exmem_v=1 memwb_v=0 | idex_rd=28 idex_rs1=0 idex_rs2=28 | exmem_rd=28 exmem_rw=1 | memwb_rd=27 		    memwb_rw=1 | fwdA=0 fwdB=2
EXMEM : rd=28 pc4=0000011c alu=0000001c resultsrc=0
MEMWB_RD        = 28
MEMWB_RESULTSRC = 0
MEMWB_WDATA     = 0000001b

========== CSR WRITE ==========
TIME=2595
csr_we    = 0
csr_cmd   = 0
csr_addr  = 01b
csr_raddr = 01c
csr_wdata = 00000000
OLD VALUE = 00000000

========== CSR READ ==========
TIME=2595
csr_raddr = 01d
csr_rdata = 00000000
FWD_DBG: t=2595 Rs1E=0 Rs2E=28 RdM=28 RdW=28 RWM=1 RWW=1 MRM=0 -> A=0 B=2
UVM_INFO ../UVM_VIP/rv32i_driver.sv(83) @ 2595: uvm_test_top.env.agent.driver [DRV_LOAD] Loading IMEM[63] = 00000013
PIPE_DBG: t=2605 ifid_v=1 idex_v=0 exmem_v=0 memwb_v=1 | idex_rd=28 idex_rs1=0 idex_rs2=28 | exmem_rd=28 exmem_rw=1 | memwb_rd=28 		    memwb_rw=1 | fwdA=0 fwdB=2
WB : rd=28 wdata=0000001c resultsrc=0
====================================
TIME=2605
Instruction = 01d00e93
IDEX_PC      = 00000118
IDEX_RV1     = 00000000
IDEX_RV2     = 0000000f
IDEX_IMM     = 0000001c
ALU_A        = 00000000
ALU_B        = 0000001c
ALU_CTRL     = 0
ALU_RES      = 0000001c
========== ID/EX LOAD ==========
IFID_INSTR = 01d00e93
IMM_EXT    = 0000001d
IMM_SRC    = 000
OPCODE     = 13
IDEX_CSR_READ_CAPTURE: instr=01d00e93 csr_rdata_now=00000000

========== CSR WRITE ==========
TIME=2605
csr_we    = 0
csr_cmd   = 0
csr_addr  = 01c
csr_raddr = 01d
csr_wdata = 00000000
OLD VALUE = 00000000
FWD_DBG: t=2605 Rs1E=0 Rs2E=29 RdM=28 RdW=28 RWM=1 RWW=1 MRM=0 -> A=0 B=0
UVM_INFO ../UVM_VIP/rv32i_driver.sv(83) @ 2605: uvm_test_top.env.agent.driver [DRV_LOAD] Loading IMEM[63] = 00000013
PIPE_DBG: t=2615 ifid_v=0 idex_v=1 exmem_v=0 memwb_v=0 | idex_rd=29 idex_rs1=0 idex_rs2=29 | exmem_rd=28 exmem_rw=1 | memwb_rd=28 		    memwb_rw=1 | fwdA=0 fwdB=0
EXMEM_RD        = 29
EXMEM_RESULTSRC = 0
EXMEM_CSR_READ_CAPTURE: idex_csr_read_now=00000000

========== CSR WRITE ==========
TIME=2615
csr_we    = 0
csr_cmd   = 0
csr_addr  = 01c
csr_raddr = 01d
csr_wdata = 00000000
OLD VALUE = 00000000
FWD_DBG: t=2615 Rs1E=0 Rs2E=29 RdM=29 RdW=28 RWM=1 RWW=1 MRM=0 -> A=0 B=2
UVM_INFO ../UVM_VIP/rv32i_driver.sv(83) @ 2615: uvm_test_top.env.agent.driver [DRV_LOAD] Loading IMEM[63] = 00000013
PIPE_DBG: t=2625 ifid_v=0 idex_v=0 exmem_v=1 memwb_v=0 | idex_rd=29 idex_rs1=0 idex_rs2=29 | exmem_rd=29 exmem_rw=1 | memwb_rd=28 		    memwb_rw=1 | fwdA=0 fwdB=2
EXMEM : rd=29 pc4=00000120 alu=0000001d resultsrc=0
MEMWB_RD        = 29
MEMWB_RESULTSRC = 0
MEMWB_WDATA     = 0000001c

========== CSR WRITE ==========
TIME=2625
csr_we    = 0
csr_cmd   = 0
csr_addr  = 01c
csr_raddr = 01d
csr_wdata = 00000000
OLD VALUE = 00000000

========== CSR READ ==========
TIME=2625
csr_raddr = 01e
csr_rdata = 00000000
FWD_DBG: t=2625 Rs1E=0 Rs2E=29 RdM=29 RdW=29 RWM=1 RWW=1 MRM=0 -> A=0 B=2
UVM_INFO ../UVM_VIP/rv32i_driver.sv(83) @ 2625: uvm_test_top.env.agent.driver [DRV_LOAD] Loading IMEM[63] = 00000013
PIPE_DBG: t=2635 ifid_v=1 idex_v=0 exmem_v=0 memwb_v=1 | idex_rd=29 idex_rs1=0 idex_rs2=29 | exmem_rd=29 exmem_rw=1 | memwb_rd=29 		    memwb_rw=1 | fwdA=0 fwdB=2
WB : rd=29 wdata=0000001d resultsrc=0
====================================
TIME=2635
Instruction = 01e00f13
IDEX_PC      = 0000011c
IDEX_RV1     = 00000000
IDEX_RV2     = 00000019
IDEX_IMM     = 0000001d
ALU_A        = 00000000
ALU_B        = 0000001d
ALU_CTRL     = 0
ALU_RES      = 0000001d
========== ID/EX LOAD ==========
IFID_INSTR = 01e00f13
IMM_EXT    = 0000001e
IMM_SRC    = 000
OPCODE     = 13
IDEX_CSR_READ_CAPTURE: instr=01e00f13 csr_rdata_now=00000000

========== CSR WRITE ==========
TIME=2635
csr_we    = 0
csr_cmd   = 0
csr_addr  = 01d
csr_raddr = 01e
csr_wdata = 00000000
OLD VALUE = 00000000
FWD_DBG: t=2635 Rs1E=0 Rs2E=30 RdM=29 RdW=29 RWM=1 RWW=1 MRM=0 -> A=0 B=0
UVM_INFO ../UVM_VIP/rv32i_driver.sv(83) @ 2635: uvm_test_top.env.agent.driver [DRV_LOAD] Loading IMEM[63] = 00000013
PIPE_DBG: t=2645 ifid_v=0 idex_v=1 exmem_v=0 memwb_v=0 | idex_rd=30 idex_rs1=0 idex_rs2=30 | exmem_rd=29 exmem_rw=1 | memwb_rd=29 		    memwb_rw=1 | fwdA=0 fwdB=0
EXMEM_RD        = 30
EXMEM_RESULTSRC = 0
EXMEM_CSR_READ_CAPTURE: idex_csr_read_now=00000000

========== CSR WRITE ==========
TIME=2645
csr_we    = 0
csr_cmd   = 0
csr_addr  = 01d
csr_raddr = 01e
csr_wdata = 00000000
OLD VALUE = 00000000
FWD_DBG: t=2645 Rs1E=0 Rs2E=30 RdM=30 RdW=29 RWM=1 RWW=1 MRM=0 -> A=0 B=2
UVM_INFO ../UVM_VIP/rv32i_driver.sv(83) @ 2645: uvm_test_top.env.agent.driver [DRV_LOAD] Loading IMEM[63] = 00000013
PIPE_DBG: t=2655 ifid_v=0 idex_v=0 exmem_v=1 memwb_v=0 | idex_rd=30 idex_rs1=0 idex_rs2=30 | exmem_rd=30 exmem_rw=1 | memwb_rd=29 		    memwb_rw=1 | fwdA=0 fwdB=2
EXMEM : rd=30 pc4=00000124 alu=0000001e resultsrc=0
MEMWB_RD        = 30
MEMWB_RESULTSRC = 0
MEMWB_WDATA     = 0000001d

========== CSR WRITE ==========
TIME=2655
csr_we    = 0
csr_cmd   = 0
csr_addr  = 01d
csr_raddr = 01e
csr_wdata = 00000000
OLD VALUE = 00000000

========== CSR READ ==========
TIME=2655
csr_raddr = 01f
csr_rdata = 00000000
FWD_DBG: t=2655 Rs1E=0 Rs2E=30 RdM=30 RdW=30 RWM=1 RWW=1 MRM=0 -> A=0 B=2
UVM_INFO ../UVM_VIP/rv32i_driver.sv(83) @ 2655: uvm_test_top.env.agent.driver [DRV_LOAD] Loading IMEM[63] = 00000013
PIPE_DBG: t=2665 ifid_v=1 idex_v=0 exmem_v=0 memwb_v=1 | idex_rd=30 idex_rs1=0 idex_rs2=30 | exmem_rd=30 exmem_rw=1 | memwb_rd=30 		    memwb_rw=1 | fwdA=0 fwdB=2
WB : rd=30 wdata=0000001e resultsrc=0
====================================
TIME=2665
Instruction = 01f00f93
IDEX_PC      = 00000120
IDEX_RV1     = 00000000
IDEX_RV2     = 00000000
IDEX_IMM     = 0000001e
ALU_A        = 00000000
ALU_B        = 0000001e
ALU_CTRL     = 0
ALU_RES      = 0000001e
========== ID/EX LOAD ==========
IFID_INSTR = 01f00f93
IMM_EXT    = 0000001f
IMM_SRC    = 000
OPCODE     = 13
IDEX_CSR_READ_CAPTURE: instr=01f00f93 csr_rdata_now=00000000

========== CSR WRITE ==========
TIME=2665
csr_we    = 0
csr_cmd   = 0
csr_addr  = 01e
csr_raddr = 01f
csr_wdata = 00000000
OLD VALUE = 00000000
FWD_DBG: t=2665 Rs1E=0 Rs2E=31 RdM=30 RdW=30 RWM=1 RWW=1 MRM=0 -> A=0 B=0
UVM_INFO ../UVM_VIP/rv32i_driver.sv(83) @ 2665: uvm_test_top.env.agent.driver [DRV_LOAD] Loading IMEM[63] = 00000013
PIPE_DBG: t=2675 ifid_v=0 idex_v=1 exmem_v=0 memwb_v=0 | idex_rd=31 idex_rs1=0 idex_rs2=31 | exmem_rd=30 exmem_rw=1 | memwb_rd=30 		    memwb_rw=1 | fwdA=0 fwdB=0
EXMEM_RD        = 31
EXMEM_RESULTSRC = 0
EXMEM_CSR_READ_CAPTURE: idex_csr_read_now=00000000

========== CSR WRITE ==========
TIME=2675
csr_we    = 0
csr_cmd   = 0
csr_addr  = 01e
csr_raddr = 01f
csr_wdata = 00000000
OLD VALUE = 00000000
FWD_DBG: t=2675 Rs1E=0 Rs2E=31 RdM=31 RdW=30 RWM=1 RWW=1 MRM=0 -> A=0 B=2
UVM_INFO ../UVM_VIP/rv32i_driver.sv(83) @ 2675: uvm_test_top.env.agent.driver [DRV_LOAD] Loading IMEM[63] = 00000013
PIPE_DBG: t=2685 ifid_v=0 idex_v=0 exmem_v=1 memwb_v=0 | idex_rd=31 idex_rs1=0 idex_rs2=31 | exmem_rd=31 exmem_rw=1 | memwb_rd=30 		    memwb_rw=1 | fwdA=0 fwdB=2
EXMEM : rd=31 pc4=00000128 alu=0000001f resultsrc=0
MEMWB_RD        = 31
MEMWB_RESULTSRC = 0
MEMWB_WDATA     = 0000001e

========== CSR WRITE ==========
TIME=2685
csr_we    = 0
csr_cmd   = 0
csr_addr  = 01e
csr_raddr = 01f
csr_wdata = 00000000
OLD VALUE = 00000000

========== CSR READ ==========
TIME=2685
csr_raddr = 002
csr_rdata = 00000000
FWD_DBG: t=2685 Rs1E=0 Rs2E=31 RdM=31 RdW=31 RWM=1 RWW=1 MRM=0 -> A=0 B=2
UVM_INFO ../UVM_VIP/rv32i_driver.sv(83) @ 2685: uvm_test_top.env.agent.driver [DRV_LOAD] Loading IMEM[63] = 00000013
PIPE_DBG: t=2695 ifid_v=1 idex_v=0 exmem_v=0 memwb_v=1 | idex_rd=31 idex_rs1=0 idex_rs2=31 | exmem_rd=31 exmem_rw=1 | memwb_rd=31 		    memwb_rw=1 | fwdA=0 fwdB=2
WB : rd=31 wdata=0000001f resultsrc=0
====================================
TIME=2695
Instruction = 0020006f
IDEX_PC      = 00000124
IDEX_RV1     = 00000000
IDEX_RV2     = 00000000
IDEX_IMM     = 0000001f
ALU_A        = 00000000
ALU_B        = 0000001f
ALU_CTRL     = 0
ALU_RES      = 0000001f
========== ID/EX LOAD ==========
IFID_INSTR = 0020006f
IMM_EXT    = 00000002
IMM_SRC    = 100
OPCODE     = 6f
IDEX_CSR_READ_CAPTURE: instr=0020006f csr_rdata_now=00000000

========== CSR WRITE ==========
TIME=2695
csr_we    = 0
csr_cmd   = 0
csr_addr  = 01f
csr_raddr = 002
csr_wdata = 00000000
OLD VALUE = 00000000
FWD_DBG: t=2695 Rs1E=0 Rs2E=2 RdM=31 RdW=31 RWM=1 RWW=1 MRM=0 -> A=0 B=0
UVM_INFO ../UVM_VIP/rv32i_driver.sv(83) @ 2695: uvm_test_top.env.agent.driver [DRV_LOAD] Loading IMEM[63] = 00000013
PIPE_DBG: t=2705 ifid_v=0 idex_v=1 exmem_v=0 memwb_v=0 | idex_rd=0 idex_rs1=0 idex_rs2=2 | exmem_rd=31 exmem_rw=1 | memwb_rd=31 		    memwb_rw=1 | fwdA=0 fwdB=0
EXMEM_RD        = 0
EXMEM_RESULTSRC = 2
EXMEM_CSR_READ_CAPTURE: idex_csr_read_now=00000000

========== CSR WRITE ==========
TIME=2705
csr_we    = 0
csr_cmd   = 0
csr_addr  = 01f
csr_raddr = 002
csr_wdata = 00000000
OLD VALUE = 00000000
FWD_DBG: t=2705 Rs1E=0 Rs2E=2 RdM=0 RdW=31 RWM=0 RWW=1 MRM=0 -> A=0 B=0

========== CSR READ ==========
TIME=2705
csr_raddr = 002
csr_rdata = 00000000
UVM_INFO ../UVM_VIP/rv32i_monitor.sv(183) @ 2705: uvm_test_top.env.agent.monitor [MON] [271] TRAP: cause=0x00000000
UVM_INFO ../UVM_VIP/rv32i_scoreboard.sv(199) @ 2705: uvm_test_top.env.scoreboard [SB_TRAP] Trap detected: cause=0x00000000
UVM_INFO ../UVM_VIP/rv32i_driver.sv(83) @ 2705: uvm_test_top.env.agent.driver [DRV_LOAD] Loading IMEM[63] = 00000013
PIPE_DBG: t=2715 ifid_v=0 idex_v=0 exmem_v=1 memwb_v=0 | idex_rd=0 idex_rs1=0 idex_rs2=2 | exmem_rd=0 exmem_rw=0 | memwb_rd=31 		    memwb_rw=1 | fwdA=0 fwdB=0
EXMEM : rd=0 pc4=0000012c alu=0000012f resultsrc=2
MEMWB_RD        = 0
MEMWB_RESULTSRC = 2
MEMWB_WDATA     = 0000001f

========== CSR WRITE ==========
TIME=2715
csr_we    = 0
csr_cmd   = 0
csr_addr  = 01f
csr_raddr = 002
csr_wdata = 00000000
OLD VALUE = 00000000
FWD_DBG: t=2715 Rs1E=0 Rs2E=2 RdM=0 RdW=0 RWM=0 RWW=0 MRM=0 -> A=0 B=0
UVM_INFO ../UVM_VIP/rv32i_driver.sv(83) @ 2715: uvm_test_top.env.agent.driver [DRV_LOAD] Loading IMEM[63] = 00000013
PIPE_DBG: t=2725 ifid_v=0 idex_v=0 exmem_v=0 memwb_v=1 | idex_rd=0 idex_rs1=0 idex_rs2=2 | exmem_rd=0 exmem_rw=0 | memwb_rd=0 		    memwb_rw=0 | fwdA=0 fwdB=0
WB : rd=0 wdata=0000012c resultsrc=2
====================================
TIME=2725
Instruction = 0020006f
IDEX_PC      = 00000128
IDEX_RV1     = 00000000
IDEX_RV2     = 00000007
IDEX_IMM     = 00000002
ALU_A        = 00000128
ALU_B        = 00000007
ALU_CTRL     = 0
ALU_RES      = 0000012f

========== CSR WRITE ==========
TIME=2725
csr_we    = 0
csr_cmd   = 0
csr_addr  = 002
csr_raddr = 002
csr_wdata = 00000000
OLD VALUE = 00000000

========== CSR READ ==========
TIME=2725
csr_raddr = 341
csr_rdata = 00000128
UVM_INFO ../UVM_VIP/rv32i_driver.sv(83) @ 2725: uvm_test_top.env.agent.driver [DRV_LOAD] Loading IMEM[63] = 00000013
PIPE_DBG: t=2735 ifid_v=1 idex_v=0 exmem_v=0 memwb_v=0 | idex_rd=0 idex_rs1=0 idex_rs2=2 | exmem_rd=0 exmem_rw=0 | memwb_rd=0 		    memwb_rw=0 | fwdA=0 fwdB=0
========== ID/EX LOAD ==========
IFID_INSTR = 34102173
IMM_EXT    = 00000341
IMM_SRC    = 000
OPCODE     = 73
IDEX_CSR_READ_CAPTURE: instr=34102173 csr_rdata_now=00000128

========== CSR WRITE ==========
TIME=2735
csr_we    = 0
csr_cmd   = 0
csr_addr  = 002
csr_raddr = 341
csr_wdata = 00000000
OLD VALUE = 00000000
FWD_DBG: t=2735 Rs1E=0 Rs2E=1 RdM=0 RdW=0 RWM=0 RWW=0 MRM=0 -> A=0 B=0
UVM_INFO ../UVM_VIP/rv32i_driver.sv(83) @ 2735: uvm_test_top.env.agent.driver [DRV_LOAD] Loading IMEM[63] = 00000013
PIPE_DBG: t=2745 ifid_v=0 idex_v=1 exmem_v=0 memwb_v=0 | idex_rd=2 idex_rs1=0 idex_rs2=1 | exmem_rd=0 exmem_rw=0 | memwb_rd=0 		    memwb_rw=0 | fwdA=0 fwdB=0
EXMEM_RD        = 2
EXMEM_RESULTSRC = 3
EXMEM_CSR_READ_CAPTURE: idex_csr_read_now=00000128

========== CSR WRITE ==========
TIME=2745
csr_we    = 0
csr_cmd   = 0
csr_addr  = 002
csr_raddr = 341
csr_wdata = 00000000
OLD VALUE = 00000000
FWD_DBG: t=2745 Rs1E=0 Rs2E=1 RdM=2 RdW=0 RWM=1 RWW=0 MRM=0 -> A=0 B=0
UVM_INFO ../UVM_VIP/rv32i_driver.sv(83) @ 2745: uvm_test_top.env.agent.driver [DRV_LOAD] Loading IMEM[63] = 00000013
PIPE_DBG: t=2755 ifid_v=0 idex_v=0 exmem_v=1 memwb_v=0 | idex_rd=2 idex_rs1=0 idex_rs2=1 | exmem_rd=2 exmem_rw=1 | memwb_rd=0 		    memwb_rw=0 | fwdA=0 fwdB=0
EXMEM : rd=2 pc4=0000001c alu=00000005 resultsrc=3
MEMWB_RD        = 2
MEMWB_RESULTSRC = 3
MEMWB_WDATA     = 0000012c

========== CSR WRITE ==========
TIME=2755
csr_we    = 0
csr_cmd   = 0
csr_addr  = 002
csr_raddr = 341
csr_wdata = 00000000
OLD VALUE = 00000000

========== CSR READ ==========
TIME=2755
csr_raddr = 004
csr_rdata = 00000000
FWD_DBG: t=2755 Rs1E=0 Rs2E=1 RdM=2 RdW=2 RWM=1 RWW=1 MRM=0 -> A=0 B=0
UVM_INFO ../UVM_VIP/rv32i_driver.sv(83) @ 2755: uvm_test_top.env.agent.driver [DRV_LOAD] Loading IMEM[63] = 00000013
PIPE_DBG: t=2765 ifid_v=1 idex_v=0 exmem_v=0 memwb_v=1 | idex_rd=2 idex_rs1=0 idex_rs2=1 | exmem_rd=2 exmem_rw=1 | memwb_rd=2 		    memwb_rw=1 | fwdA=0 fwdB=0
WB : rd=2 wdata=00000128 resultsrc=3
====================================
TIME=2765
Instruction = 00410113
IDEX_PC      = 00000018
IDEX_RV1     = 00000000
IDEX_RV2     = 00000005
IDEX_IMM     = 00000341
ALU_A        = 00000000
ALU_B        = 00000005
ALU_CTRL     = 0
ALU_RES      = 00000005
========== ID/EX LOAD ==========
IFID_INSTR = 00410113
IMM_EXT    = 00000004
IMM_SRC    = 000
OPCODE     = 13
IDEX_CSR_READ_CAPTURE: instr=00410113 csr_rdata_now=00000000

========== CSR WRITE ==========
TIME=2765
csr_we    = 1
csr_cmd   = 2
csr_addr  = 341
csr_raddr = 004
csr_wdata = 00000000
OLD VALUE = 00000128
FWD_DBG: t=2765 Rs1E=2 Rs2E=4 RdM=2 RdW=2 RWM=1 RWW=1 MRM=0 -> A=2 B=0
UVM_INFO ../UVM_VIP/rv32i_driver.sv(83) @ 2765: uvm_test_top.env.agent.driver [DRV_LOAD] Loading IMEM[63] = 00000013
PIPE_DBG: t=2775 ifid_v=0 idex_v=1 exmem_v=0 memwb_v=0 | idex_rd=2 idex_rs1=2 idex_rs2=4 | exmem_rd=2 exmem_rw=1 | memwb_rd=2 		    memwb_rw=1 | fwdA=2 fwdB=0
EXMEM_RD        = 2
EXMEM_RESULTSRC = 0
EXMEM_CSR_READ_CAPTURE: idex_csr_read_now=00000000

========== CSR WRITE ==========
TIME=2775
csr_we    = 0
csr_cmd   = 2
csr_addr  = 341
csr_raddr = 004
csr_wdata = 00000000
OLD VALUE = 00000128
UVM_INFO ../UVM_VIP/rv32i_driver.sv(83) @ 2775: uvm_test_top.env.agent.driver [DRV_LOAD] Loading IMEM[63] = 00000013
PIPE_DBG: t=2785 ifid_v=0 idex_v=0 exmem_v=1 memwb_v=0 | idex_rd=2 idex_rs1=2 idex_rs2=4 | exmem_rd=2 exmem_rw=1 | memwb_rd=2 		    memwb_rw=1 | fwdA=2 fwdB=0
EXMEM : rd=2 pc4=00000020 alu=0000012c resultsrc=0
MEMWB_RD        = 2
MEMWB_RESULTSRC = 0
MEMWB_WDATA     = 00000128

========== CSR WRITE ==========
TIME=2785
csr_we    = 0
csr_cmd   = 2
csr_addr  = 341
csr_raddr = 004
csr_wdata = 00000000
OLD VALUE = 00000128

========== CSR READ ==========
TIME=2785
csr_raddr = 341
csr_rdata = 00000128
UVM_INFO ../UVM_VIP/rv32i_driver.sv(83) @ 2785: uvm_test_top.env.agent.driver [DRV_LOAD] Loading IMEM[63] = 00000013
PIPE_DBG: t=2795 ifid_v=1 idex_v=0 exmem_v=0 memwb_v=1 | idex_rd=2 idex_rs1=2 idex_rs2=4 | exmem_rd=2 exmem_rw=1 | memwb_rd=2 		    memwb_rw=1 | fwdA=2 fwdB=0
WB : rd=2 wdata=0000012c resultsrc=0
====================================
TIME=2795
Instruction = 34111073
IDEX_PC      = 0000001c
IDEX_RV1     = 00000007
IDEX_RV2     = 00000000
IDEX_IMM     = 00000004
ALU_A        = 0000012c
ALU_B        = 00000004
ALU_CTRL     = 0
ALU_RES      = 00000130
========== ID/EX LOAD ==========
IFID_INSTR = 34111073
IMM_EXT    = 00000341
IMM_SRC    = 000
OPCODE     = 73
IDEX_CSR_READ_CAPTURE: instr=34111073 csr_rdata_now=00000128

========== CSR WRITE ==========
TIME=2795
csr_we    = 0
csr_cmd   = 0
csr_addr  = 004
csr_raddr = 341
csr_wdata = 00000128
OLD VALUE = 00000000
FWD_DBG: t=2795 Rs1E=2 Rs2E=1 RdM=2 RdW=2 RWM=1 RWW=1 MRM=0 -> A=2 B=0
UVM_INFO ../UVM_VIP/rv32i_driver.sv(83) @ 2795: uvm_test_top.env.agent.driver [DRV_LOAD] Loading IMEM[63] = 00000013
PIPE_DBG: t=2805 ifid_v=0 idex_v=1 exmem_v=0 memwb_v=0 | idex_rd=0 idex_rs1=2 idex_rs2=1 | exmem_rd=2 exmem_rw=1 | memwb_rd=2 		    memwb_rw=1 | fwdA=2 fwdB=0
EXMEM_RD        = 0
EXMEM_RESULTSRC = 3
EXMEM_CSR_READ_CAPTURE: idex_csr_read_now=00000128

========== CSR WRITE ==========
TIME=2805
csr_we    = 0
csr_cmd   = 0
csr_addr  = 004
csr_raddr = 341
csr_wdata = 00000128
OLD VALUE = 00000000
FWD_DBG: t=2805 Rs1E=2 Rs2E=1 RdM=0 RdW=2 RWM=1 RWW=1 MRM=0 -> A=1 B=0
UVM_INFO ../UVM_VIP/rv32i_driver.sv(83) @ 2805: uvm_test_top.env.agent.driver [DRV_LOAD] Loading IMEM[63] = 00000013
PIPE_DBG: t=2815 ifid_v=0 idex_v=0 exmem_v=1 memwb_v=0 | idex_rd=0 idex_rs1=2 idex_rs2=1 | exmem_rd=0 exmem_rw=1 | memwb_rd=2 		    memwb_rw=1 | fwdA=1 fwdB=0
EXMEM : rd=0 pc4=00000024 alu=00000131 resultsrc=3
MEMWB_RD        = 0
MEMWB_RESULTSRC = 3
MEMWB_WDATA     = 0000012c

========== CSR WRITE ==========
TIME=2815
csr_we    = 0
csr_cmd   = 0
csr_addr  = 004
csr_raddr = 341
csr_wdata = 00000128
OLD VALUE = 00000000

========== CSR READ ==========
TIME=2815
csr_raddr = 302
csr_rdata = 00000000
FWD_DBG: t=2815 Rs1E=2 Rs2E=1 RdM=0 RdW=0 RWM=1 RWW=1 MRM=0 -> A=0 B=0
UVM_INFO ../UVM_VIP/rv32i_driver.sv(83) @ 2815: uvm_test_top.env.agent.driver [DRV_LOAD] Loading IMEM[63] = 00000013
PIPE_DBG: t=2825 ifid_v=1 idex_v=0 exmem_v=0 memwb_v=1 | idex_rd=0 idex_rs1=2 idex_rs2=1 | exmem_rd=0 exmem_rw=1 | memwb_rd=0 		    memwb_rw=1 | fwdA=0 fwdB=0
WB : rd=0 wdata=00000128 resultsrc=3
====================================
TIME=2825
Instruction = 30200073
IDEX_PC      = 00000020
IDEX_RV1     = 00000128
IDEX_RV2     = 00000005
IDEX_IMM     = 00000341
ALU_A        = 00000128
ALU_B        = 00000005
ALU_CTRL     = 0
ALU_RES      = 0000012d

========== CSR WRITE ==========
TIME=2825
csr_we    = 1
csr_cmd   = 1
csr_addr  = 341
csr_raddr = 302
csr_wdata = 0000012c
OLD VALUE = 00000128

========== CSR READ ==========
TIME=2825
csr_raddr = 302
csr_rdata = 00000000
UVM_INFO ../UVM_VIP/rv32i_driver.sv(83) @ 2825: uvm_test_top.env.agent.driver [DRV_LOAD] Loading IMEM[63] = 00000013
PIPE_DBG: t=2835 ifid_v=1 idex_v=0 exmem_v=0 memwb_v=0 | idex_rd=0 idex_rs1=2 idex_rs2=1 | exmem_rd=0 exmem_rw=1 | memwb_rd=0 		    memwb_rw=1 | fwdA=0 fwdB=0
========== ID/EX LOAD ==========
IFID_INSTR = 30200073
IMM_EXT    = 00000302
IMM_SRC    = 000
OPCODE     = 73
IDEX_CSR_READ_CAPTURE: instr=30200073 csr_rdata_now=00000000

========== CSR WRITE ==========
TIME=2835
csr_we    = 0
csr_cmd   = 1
csr_addr  = 341
csr_raddr = 302
csr_wdata = 0000012c
OLD VALUE = 0000012c
FWD_DBG: t=2835 Rs1E=0 Rs2E=2 RdM=0 RdW=0 RWM=1 RWW=1 MRM=0 -> A=0 B=0
UVM_INFO ../UVM_VIP/rv32i_driver.sv(83) @ 2835: uvm_test_top.env.agent.driver [DRV_LOAD] Loading IMEM[63] = 00000013
PIPE_DBG: t=2845 ifid_v=0 idex_v=1 exmem_v=0 memwb_v=0 | idex_rd=0 idex_rs1=0 idex_rs2=2 | exmem_rd=0 exmem_rw=1 | memwb_rd=0 		    memwb_rw=1 | fwdA=0 fwdB=0
EXMEM_RD        = 0
EXMEM_RESULTSRC = 0
EXMEM_CSR_READ_CAPTURE: idex_csr_read_now=00000000

========== CSR WRITE ==========
TIME=2845
csr_we    = 0
csr_cmd   = 1
csr_addr  = 341
csr_raddr = 302
csr_wdata = 0000012c
OLD VALUE = 0000012c
FWD_DBG: t=2845 Rs1E=0 Rs2E=2 RdM=0 RdW=0 RWM=0 RWW=1 MRM=0 -> A=0 B=0

========== CSR READ ==========
TIME=2845
csr_raddr = 302
csr_rdata = 00000000
UVM_INFO ../UVM_VIP/rv32i_driver.sv(83) @ 2845: uvm_test_top.env.agent.driver [DRV_LOAD] Loading IMEM[63] = 00000013
PIPE_DBG: t=2855 ifid_v=0 idex_v=0 exmem_v=1 memwb_v=0 | idex_rd=0 idex_rs1=0 idex_rs2=2 | exmem_rd=0 exmem_rw=0 | memwb_rd=0 		    memwb_rw=1 | fwdA=0 fwdB=0
EXMEM : rd=0 pc4=00000028 alu=0000012c resultsrc=0
MEMWB_RD        = 0
MEMWB_RESULTSRC = 0
MEMWB_WDATA     = 00000128

========== CSR WRITE ==========
TIME=2855
csr_we    = 0
csr_cmd   = 1
csr_addr  = 341
csr_raddr = 302
csr_wdata = 0000012c
OLD VALUE = 0000012c
FWD_DBG: t=2855 Rs1E=0 Rs2E=2 RdM=0 RdW=0 RWM=0 RWW=0 MRM=0 -> A=0 B=0
UVM_INFO ../UVM_VIP/rv32i_driver.sv(83) @ 2855: uvm_test_top.env.agent.driver [DRV_LOAD] Loading IMEM[63] = 00000013
PIPE_DBG: t=2865 ifid_v=0 idex_v=0 exmem_v=0 memwb_v=1 | idex_rd=0 idex_rs1=0 idex_rs2=2 | exmem_rd=0 exmem_rw=0 | memwb_rd=0 		    memwb_rw=0 | fwdA=0 fwdB=0
WB : rd=0 wdata=0000012c resultsrc=0
====================================
TIME=2865
Instruction = 30200073
IDEX_PC      = 00000024
IDEX_RV1     = 00000000
IDEX_RV2     = 0000012c
IDEX_IMM     = 00000302
ALU_A        = 00000000
ALU_B        = 0000012c
ALU_CTRL     = 0
ALU_RES      = 0000012c

========== CSR WRITE ==========
TIME=2865
csr_we    = 0
csr_cmd   = 0
csr_addr  = 302
csr_raddr = 302
csr_wdata = 00000000
OLD VALUE = 00000000

========== CSR READ ==========
TIME=2865
csr_raddr = 000
csr_rdata = 00000000
UVM_INFO ../UVM_VIP/rv32i_driver.sv(83) @ 2865: uvm_test_top.env.agent.driver [DRV_LOAD] Loading IMEM[63] = 00000013
PIPE_DBG: t=2875 ifid_v=1 idex_v=0 exmem_v=0 memwb_v=0 | idex_rd=0 idex_rs1=0 idex_rs2=2 | exmem_rd=0 exmem_rw=0 | memwb_rd=0 		    memwb_rw=0 | fwdA=0 fwdB=0
========== ID/EX LOAD ==========
IFID_INSTR = 00000013
IMM_EXT    = 00000000
IMM_SRC    = 000
OPCODE     = 13
IDEX_CSR_READ_CAPTURE: instr=00000013 csr_rdata_now=00000000

========== CSR WRITE ==========
TIME=2875
csr_we    = 0
csr_cmd   = 0
csr_addr  = 302
csr_raddr = 000
csr_wdata = 00000000
OLD VALUE = 00000000
FWD_DBG: t=2875 Rs1E=0 Rs2E=0 RdM=0 RdW=0 RWM=0 RWW=0 MRM=0 -> A=0 B=0
UVM_INFO ../UVM_VIP/rv32i_driver.sv(83) @ 2875: uvm_test_top.env.agent.driver [DRV_LOAD] Loading IMEM[63] = 00000013
PIPE_DBG: t=2885 ifid_v=0 idex_v=1 exmem_v=0 memwb_v=0 | idex_rd=0 idex_rs1=0 idex_rs2=0 | exmem_rd=0 exmem_rw=0 | memwb_rd=0 		    memwb_rw=0 | fwdA=0 fwdB=0
EXMEM_RD        = 0
EXMEM_RESULTSRC = 0
EXMEM_CSR_READ_CAPTURE: idex_csr_read_now=00000000

========== CSR WRITE ==========
TIME=2885
csr_we    = 0
csr_cmd   = 0
csr_addr  = 302
csr_raddr = 000
csr_wdata = 00000000
OLD VALUE = 00000000
FWD_DBG: t=2885 Rs1E=0 Rs2E=0 RdM=0 RdW=0 RWM=1 RWW=0 MRM=0 -> A=0 B=0
UVM_INFO ../UVM_VIP/rv32i_driver.sv(83) @ 2885: uvm_test_top.env.agent.driver [DRV_LOAD] Loading IMEM[63] = 00000013
PIPE_DBG: t=2895 ifid_v=0 idex_v=0 exmem_v=1 memwb_v=0 | idex_rd=0 idex_rs1=0 idex_rs2=0 | exmem_rd=0 exmem_rw=1 | memwb_rd=0 		    memwb_rw=0 | fwdA=0 fwdB=0
EXMEM : rd=0 pc4=00000130 alu=00000000 resultsrc=0
MEMWB_RD        = 0
MEMWB_RESULTSRC = 0
MEMWB_WDATA     = 0000012c

========== CSR WRITE ==========
TIME=2895
csr_we    = 0
csr_cmd   = 0
csr_addr  = 302
csr_raddr = 000
csr_wdata = 00000000
OLD VALUE = 00000000
FWD_DBG: t=2895 Rs1E=0 Rs2E=0 RdM=0 RdW=0 RWM=1 RWW=1 MRM=0 -> A=0 B=0
UVM_INFO ../UVM_VIP/rv32i_driver.sv(83) @ 2895: uvm_test_top.env.agent.driver [DRV_LOAD] Loading IMEM[63] = 00000013
PIPE_DBG: t=2905 ifid_v=1 idex_v=0 exmem_v=0 memwb_v=1 | idex_rd=0 idex_rs1=0 idex_rs2=0 | exmem_rd=0 exmem_rw=1 | memwb_rd=0 		    memwb_rw=1 | fwdA=0 fwdB=0
WB : rd=0 wdata=00000000 resultsrc=0
====================================
TIME=2905
Instruction = 00000013
IDEX_PC      = 0000012c
IDEX_RV1     = 00000000
IDEX_RV2     = 00000000
IDEX_IMM     = 00000000
ALU_A        = 00000000
ALU_B        = 00000000
ALU_CTRL     = 0
ALU_RES      = 00000000
========== ID/EX LOAD ==========
IFID_INSTR = 00000013
IMM_EXT    = 00000000
IMM_SRC    = 000
OPCODE     = 13
IDEX_CSR_READ_CAPTURE: instr=00000013 csr_rdata_now=00000000

========== CSR WRITE ==========
TIME=2905
csr_we    = 0
csr_cmd   = 0
csr_addr  = 000
csr_raddr = 000
csr_wdata = 00000000
OLD VALUE = 00000000
UVM_INFO ../UVM_VIP/rv32i_driver.sv(83) @ 2905: uvm_test_top.env.agent.driver [DRV_LOAD] Loading IMEM[63] = 00000013
PIPE_DBG: t=2915 ifid_v=0 idex_v=1 exmem_v=0 memwb_v=0 | idex_rd=0 idex_rs1=0 idex_rs2=0 | exmem_rd=0 exmem_rw=1 | memwb_rd=0 		    memwb_rw=1 | fwdA=0 fwdB=0
EXMEM_RD        = 0
EXMEM_RESULTSRC = 0
EXMEM_CSR_READ_CAPTURE: idex_csr_read_now=00000000

========== CSR WRITE ==========
TIME=2915
csr_we    = 0
csr_cmd   = 0
csr_addr  = 000
csr_raddr = 000
csr_wdata = 00000000
OLD VALUE = 00000000
UVM_INFO ../UVM_VIP/rv32i_driver.sv(83) @ 2915: uvm_test_top.env.agent.driver [DRV_LOAD] Loading IMEM[63] = 00000013
PIPE_DBG: t=2925 ifid_v=0 idex_v=0 exmem_v=1 memwb_v=0 | idex_rd=0 idex_rs1=0 idex_rs2=0 | exmem_rd=0 exmem_rw=1 | memwb_rd=0 		    memwb_rw=1 | fwdA=0 fwdB=0
EXMEM : rd=0 pc4=00000134 alu=00000000 resultsrc=0
MEMWB_RD        = 0
MEMWB_RESULTSRC = 0
MEMWB_WDATA     = 00000000

========== CSR WRITE ==========
TIME=2925
csr_we    = 0
csr_cmd   = 0
csr_addr  = 000
csr_raddr = 000
csr_wdata = 00000000
OLD VALUE = 00000000
UVM_INFO ../UVM_VIP/rv32i_driver.sv(83) @ 2925: uvm_test_top.env.agent.driver [DRV_LOAD] Loading IMEM[63] = 00000013
PIPE_DBG: t=2935 ifid_v=1 idex_v=0 exmem_v=0 memwb_v=1 | idex_rd=0 idex_rs1=0 idex_rs2=0 | exmem_rd=0 exmem_rw=1 | memwb_rd=0 		    memwb_rw=1 | fwdA=0 fwdB=0
WB : rd=0 wdata=00000000 resultsrc=0
====================================
TIME=2935
Instruction = 00000013
IDEX_PC      = 00000130
IDEX_RV1     = 00000000
IDEX_RV2     = 00000000
IDEX_IMM     = 00000000
ALU_A        = 00000000
ALU_B        = 00000000
ALU_CTRL     = 0
ALU_RES      = 00000000
========== ID/EX LOAD ==========
IFID_INSTR = 00000013
IMM_EXT    = 00000000
IMM_SRC    = 000
OPCODE     = 13
IDEX_CSR_READ_CAPTURE: instr=00000013 csr_rdata_now=00000000

========== CSR WRITE ==========
TIME=2935
csr_we    = 0
csr_cmd   = 0
csr_addr  = 000
csr_raddr = 000
csr_wdata = 00000000
OLD VALUE = 00000000
UVM_INFO ../UVM_VIP/rv32i_driver.sv(83) @ 2935: uvm_test_top.env.agent.driver [DRV_LOAD] Loading IMEM[63] = 00000013
PIPE_DBG: t=2945 ifid_v=0 idex_v=1 exmem_v=0 memwb_v=0 | idex_rd=0 idex_rs1=0 idex_rs2=0 | exmem_rd=0 exmem_rw=1 | memwb_rd=0 		    memwb_rw=1 | fwdA=0 fwdB=0
EXMEM_RD        = 0
EXMEM_RESULTSRC = 0
EXMEM_CSR_READ_CAPTURE: idex_csr_read_now=00000000

========== CSR WRITE ==========
TIME=2945
csr_we    = 0
csr_cmd   = 0
csr_addr  = 000
csr_raddr = 000
csr_wdata = 00000000
OLD VALUE = 00000000
UVM_INFO ../UVM_VIP/rv32i_driver.sv(83) @ 2945: uvm_test_top.env.agent.driver [DRV_LOAD] Loading IMEM[63] = 00000013
PIPE_DBG: t=2955 ifid_v=0 idex_v=0 exmem_v=1 memwb_v=0 | idex_rd=0 idex_rs1=0 idex_rs2=0 | exmem_rd=0 exmem_rw=1 | memwb_rd=0 		    memwb_rw=1 | fwdA=0 fwdB=0
EXMEM : rd=0 pc4=00000138 alu=00000000 resultsrc=0
MEMWB_RD        = 0
MEMWB_RESULTSRC = 0
MEMWB_WDATA     = 00000000

========== CSR WRITE ==========
TIME=2955
csr_we    = 0
csr_cmd   = 0
csr_addr  = 000
csr_raddr = 000
csr_wdata = 00000000
OLD VALUE = 00000000
UVM_INFO ../UVM_VIP/rv32i_driver.sv(83) @ 2955: uvm_test_top.env.agent.driver [DRV_LOAD] Loading IMEM[63] = 00000013
PIPE_DBG: t=2965 ifid_v=1 idex_v=0 exmem_v=0 memwb_v=1 | idex_rd=0 idex_rs1=0 idex_rs2=0 | exmem_rd=0 exmem_rw=1 | memwb_rd=0 		    memwb_rw=1 | fwdA=0 fwdB=0
WB : rd=0 wdata=00000000 resultsrc=0
====================================
TIME=2965
Instruction = 00000013
IDEX_PC      = 00000134
IDEX_RV1     = 00000000
IDEX_RV2     = 00000000
IDEX_IMM     = 00000000
ALU_A        = 00000000
ALU_B        = 00000000
ALU_CTRL     = 0
ALU_RES      = 00000000
========== ID/EX LOAD ==========
IFID_INSTR = 00000013
IMM_EXT    = 00000000
IMM_SRC    = 000
OPCODE     = 13
IDEX_CSR_READ_CAPTURE: instr=00000013 csr_rdata_now=00000000

========== CSR WRITE ==========
TIME=2965
csr_we    = 0
csr_cmd   = 0
csr_addr  = 000
csr_raddr = 000
csr_wdata = 00000000
OLD VALUE = 00000000
UVM_INFO ../UVM_VIP/rv32i_driver.sv(83) @ 2965: uvm_test_top.env.agent.driver [DRV_LOAD] Loading IMEM[63] = 00000013
PIPE_DBG: t=2975 ifid_v=0 idex_v=1 exmem_v=0 memwb_v=0 | idex_rd=0 idex_rs1=0 idex_rs2=0 | exmem_rd=0 exmem_rw=1 | memwb_rd=0 		    memwb_rw=1 | fwdA=0 fwdB=0
EXMEM_RD        = 0
EXMEM_RESULTSRC = 0
EXMEM_CSR_READ_CAPTURE: idex_csr_read_now=00000000

========== CSR WRITE ==========
TIME=2975
csr_we    = 0
csr_cmd   = 0
csr_addr  = 000
csr_raddr = 000
csr_wdata = 00000000
OLD VALUE = 00000000
UVM_INFO ../UVM_VIP/rv32i_driver.sv(83) @ 2975: uvm_test_top.env.agent.driver [DRV_LOAD] Loading IMEM[63] = 00000013
PIPE_DBG: t=2985 ifid_v=0 idex_v=0 exmem_v=1 memwb_v=0 | idex_rd=0 idex_rs1=0 idex_rs2=0 | exmem_rd=0 exmem_rw=1 | memwb_rd=0 		    memwb_rw=1 | fwdA=0 fwdB=0
EXMEM : rd=0 pc4=0000013c alu=00000000 resultsrc=0
MEMWB_RD        = 0
MEMWB_RESULTSRC = 0
MEMWB_WDATA     = 00000000

========== CSR WRITE ==========
TIME=2985
csr_we    = 0
csr_cmd   = 0
csr_addr  = 000
csr_raddr = 000
csr_wdata = 00000000
OLD VALUE = 00000000
UVM_INFO ../UVM_VIP/rv32i_driver.sv(83) @ 2985: uvm_test_top.env.agent.driver [DRV_LOAD] Loading IMEM[63] = 00000013
PIPE_DBG: t=2995 ifid_v=1 idex_v=0 exmem_v=0 memwb_v=1 | idex_rd=0 idex_rs1=0 idex_rs2=0 | exmem_rd=0 exmem_rw=1 | memwb_rd=0 		    memwb_rw=1 | fwdA=0 fwdB=0
WB : rd=0 wdata=00000000 resultsrc=0
====================================
TIME=2995
Instruction = 00000013
IDEX_PC      = 00000138
IDEX_RV1     = 00000000
IDEX_RV2     = 00000000
IDEX_IMM     = 00000000
ALU_A        = 00000000
ALU_B        = 00000000
ALU_CTRL     = 0
ALU_RES      = 00000000
========== ID/EX LOAD ==========
IFID_INSTR = 00000013
IMM_EXT    = 00000000
IMM_SRC    = 000
OPCODE     = 13
IDEX_CSR_READ_CAPTURE: instr=00000013 csr_rdata_now=00000000

========== CSR WRITE ==========
TIME=2995
csr_we    = 0
csr_cmd   = 0
csr_addr  = 000
csr_raddr = 000
csr_wdata = 00000000
OLD VALUE = 00000000
UVM_INFO ../UVM_VIP/rv32i_driver.sv(83) @ 2995: uvm_test_top.env.agent.driver [DRV_LOAD] Loading IMEM[63] = 00000013
PIPE_DBG: t=3005 ifid_v=0 idex_v=1 exmem_v=0 memwb_v=0 | idex_rd=0 idex_rs1=0 idex_rs2=0 | exmem_rd=0 exmem_rw=1 | memwb_rd=0 		    memwb_rw=1 | fwdA=0 fwdB=0
EXMEM_RD        = 0
EXMEM_RESULTSRC = 0
EXMEM_CSR_READ_CAPTURE: idex_csr_read_now=00000000

========== CSR WRITE ==========
TIME=3005
csr_we    = 0
csr_cmd   = 0
csr_addr  = 000
csr_raddr = 000
csr_wdata = 00000000
OLD VALUE = 00000000
UVM_INFO ../UVM_VIP/rv32i_driver.sv(83) @ 3005: uvm_test_top.env.agent.driver [DRV_LOAD] Loading IMEM[63] = 00000013
PIPE_DBG: t=3015 ifid_v=0 idex_v=0 exmem_v=1 memwb_v=0 | idex_rd=0 idex_rs1=0 idex_rs2=0 | exmem_rd=0 exmem_rw=1 | memwb_rd=0 		    memwb_rw=1 | fwdA=0 fwdB=0
EXMEM : rd=0 pc4=00000140 alu=00000000 resultsrc=0
MEMWB_RD        = 0
MEMWB_RESULTSRC = 0
MEMWB_WDATA     = 00000000

========== CSR WRITE ==========
TIME=3015
csr_we    = 0
csr_cmd   = 0
csr_addr  = 000
csr_raddr = 000
csr_wdata = 00000000
OLD VALUE = 00000000
UVM_INFO ../UVM_VIP/rv32i_driver.sv(83) @ 3015: uvm_test_top.env.agent.driver [DRV_LOAD] Loading IMEM[63] = 00000013
PIPE_DBG: t=3025 ifid_v=1 idex_v=0 exmem_v=0 memwb_v=1 | idex_rd=0 idex_rs1=0 idex_rs2=0 | exmem_rd=0 exmem_rw=1 | memwb_rd=0 		    memwb_rw=1 | fwdA=0 fwdB=0
WB : rd=0 wdata=00000000 resultsrc=0
====================================
TIME=3025
Instruction = 00000013
IDEX_PC      = 0000013c
IDEX_RV1     = 00000000
IDEX_RV2     = 00000000
IDEX_IMM     = 00000000
ALU_A        = 00000000
ALU_B        = 00000000
ALU_CTRL     = 0
ALU_RES      = 00000000
========== ID/EX LOAD ==========
IFID_INSTR = 00000013
IMM_EXT    = 00000000
IMM_SRC    = 000
OPCODE     = 13
IDEX_CSR_READ_CAPTURE: instr=00000013 csr_rdata_now=00000000

========== CSR WRITE ==========
TIME=3025
csr_we    = 0
csr_cmd   = 0
csr_addr  = 000
csr_raddr = 000
csr_wdata = 00000000
OLD VALUE = 00000000
UVM_INFO ../UVM_VIP/rv32i_driver.sv(83) @ 3025: uvm_test_top.env.agent.driver [DRV_LOAD] Loading IMEM[63] = 00000013
PIPE_DBG: t=3035 ifid_v=0 idex_v=1 exmem_v=0 memwb_v=0 | idex_rd=0 idex_rs1=0 idex_rs2=0 | exmem_rd=0 exmem_rw=1 | memwb_rd=0 		    memwb_rw=1 | fwdA=0 fwdB=0
EXMEM_RD        = 0
EXMEM_RESULTSRC = 0
EXMEM_CSR_READ_CAPTURE: idex_csr_read_now=00000000

========== CSR WRITE ==========
TIME=3035
csr_we    = 0
csr_cmd   = 0
csr_addr  = 000
csr_raddr = 000
csr_wdata = 00000000
OLD VALUE = 00000000
UVM_INFO ../UVM_VIP/rv32i_driver.sv(83) @ 3035: uvm_test_top.env.agent.driver [DRV_LOAD] Loading IMEM[63] = 00000013
PIPE_DBG: t=3045 ifid_v=0 idex_v=0 exmem_v=1 memwb_v=0 | idex_rd=0 idex_rs1=0 idex_rs2=0 | exmem_rd=0 exmem_rw=1 | memwb_rd=0 		    memwb_rw=1 | fwdA=0 fwdB=0
EXMEM : rd=0 pc4=00000144 alu=00000000 resultsrc=0
MEMWB_RD        = 0
MEMWB_RESULTSRC = 0
MEMWB_WDATA     = 00000000

========== CSR WRITE ==========
TIME=3045
csr_we    = 0
csr_cmd   = 0
csr_addr  = 000
csr_raddr = 000
csr_wdata = 00000000
OLD VALUE = 00000000
UVM_INFO ../UVM_VIP/rv32i_driver.sv(83) @ 3045: uvm_test_top.env.agent.driver [DRV_LOAD] Loading IMEM[63] = 00000013
PIPE_DBG: t=3055 ifid_v=1 idex_v=0 exmem_v=0 memwb_v=1 | idex_rd=0 idex_rs1=0 idex_rs2=0 | exmem_rd=0 exmem_rw=1 | memwb_rd=0 		    memwb_rw=1 | fwdA=0 fwdB=0
WB : rd=0 wdata=00000000 resultsrc=0
====================================
TIME=3055
Instruction = 00000013
IDEX_PC      = 00000140
IDEX_RV1     = 00000000
IDEX_RV2     = 00000000
IDEX_IMM     = 00000000
ALU_A        = 00000000
ALU_B        = 00000000
ALU_CTRL     = 0
ALU_RES      = 00000000
========== ID/EX LOAD ==========
IFID_INSTR = 00000013
IMM_EXT    = 00000000
IMM_SRC    = 000
OPCODE     = 13
IDEX_CSR_READ_CAPTURE: instr=00000013 csr_rdata_now=00000000

========== CSR WRITE ==========
TIME=3055
csr_we    = 0
csr_cmd   = 0
csr_addr  = 000
csr_raddr = 000
csr_wdata = 00000000
OLD VALUE = 00000000
UVM_INFO ../UVM_VIP/rv32i_driver.sv(83) @ 3055: uvm_test_top.env.agent.driver [DRV_LOAD] Loading IMEM[63] = 00000013
PIPE_DBG: t=3065 ifid_v=0 idex_v=1 exmem_v=0 memwb_v=0 | idex_rd=0 idex_rs1=0 idex_rs2=0 | exmem_rd=0 exmem_rw=1 | memwb_rd=0 		    memwb_rw=1 | fwdA=0 fwdB=0
EXMEM_RD        = 0
EXMEM_RESULTSRC = 0
EXMEM_CSR_READ_CAPTURE: idex_csr_read_now=00000000

========== CSR WRITE ==========
TIME=3065
csr_we    = 0
csr_cmd   = 0
csr_addr  = 000
csr_raddr = 000
csr_wdata = 00000000
OLD VALUE = 00000000
UVM_INFO ../UVM_VIP/rv32i_driver.sv(83) @ 3065: uvm_test_top.env.agent.driver [DRV_LOAD] Loading IMEM[63] = 00000013
PIPE_DBG: t=3075 ifid_v=0 idex_v=0 exmem_v=1 memwb_v=0 | idex_rd=0 idex_rs1=0 idex_rs2=0 | exmem_rd=0 exmem_rw=1 | memwb_rd=0 		    memwb_rw=1 | fwdA=0 fwdB=0
EXMEM : rd=0 pc4=00000148 alu=00000000 resultsrc=0
MEMWB_RD        = 0
MEMWB_RESULTSRC = 0
MEMWB_WDATA     = 00000000

========== CSR WRITE ==========
TIME=3075
csr_we    = 0
csr_cmd   = 0
csr_addr  = 000
csr_raddr = 000
csr_wdata = 00000000
OLD VALUE = 00000000
UVM_INFO ../UVM_VIP/rv32i_driver.sv(83) @ 3075: uvm_test_top.env.agent.driver [DRV_LOAD] Loading IMEM[63] = 00000013
PIPE_DBG: t=3085 ifid_v=1 idex_v=0 exmem_v=0 memwb_v=1 | idex_rd=0 idex_rs1=0 idex_rs2=0 | exmem_rd=0 exmem_rw=1 | memwb_rd=0 		    memwb_rw=1 | fwdA=0 fwdB=0
WB : rd=0 wdata=00000000 resultsrc=0
====================================
TIME=3085
Instruction = 00000013
IDEX_PC      = 00000144
IDEX_RV1     = 00000000
IDEX_RV2     = 00000000
IDEX_IMM     = 00000000
ALU_A        = 00000000
ALU_B        = 00000000
ALU_CTRL     = 0
ALU_RES      = 00000000
========== ID/EX LOAD ==========
IFID_INSTR = 00000013
IMM_EXT    = 00000000
IMM_SRC    = 000
OPCODE     = 13
IDEX_CSR_READ_CAPTURE: instr=00000013 csr_rdata_now=00000000

========== CSR WRITE ==========
TIME=3085
csr_we    = 0
csr_cmd   = 0
csr_addr  = 000
csr_raddr = 000
csr_wdata = 00000000
OLD VALUE = 00000000
UVM_INFO ../UVM_VIP/rv32i_driver.sv(83) @ 3085: uvm_test_top.env.agent.driver [DRV_LOAD] Loading IMEM[63] = 00000013
PIPE_DBG: t=3095 ifid_v=0 idex_v=1 exmem_v=0 memwb_v=0 | idex_rd=0 idex_rs1=0 idex_rs2=0 | exmem_rd=0 exmem_rw=1 | memwb_rd=0 		    memwb_rw=1 | fwdA=0 fwdB=0
EXMEM_RD        = 0
EXMEM_RESULTSRC = 0
EXMEM_CSR_READ_CAPTURE: idex_csr_read_now=00000000

========== CSR WRITE ==========
TIME=3095
csr_we    = 0
csr_cmd   = 0
csr_addr  = 000
csr_raddr = 000
csr_wdata = 00000000
OLD VALUE = 00000000
UVM_INFO ../UVM_VIP/rv32i_driver.sv(83) @ 3095: uvm_test_top.env.agent.driver [DRV_LOAD] Loading IMEM[63] = 00000013
PIPE_DBG: t=3105 ifid_v=0 idex_v=0 exmem_v=1 memwb_v=0 | idex_rd=0 idex_rs1=0 idex_rs2=0 | exmem_rd=0 exmem_rw=1 | memwb_rd=0 		    memwb_rw=1 | fwdA=0 fwdB=0
EXMEM : rd=0 pc4=0000014c alu=00000000 resultsrc=0
MEMWB_RD        = 0
MEMWB_RESULTSRC = 0
MEMWB_WDATA     = 00000000

========== CSR WRITE ==========
TIME=3105
csr_we    = 0
csr_cmd   = 0
csr_addr  = 000
csr_raddr = 000
csr_wdata = 00000000
OLD VALUE = 00000000
UVM_INFO ../UVM_VIP/rv32i_driver.sv(83) @ 3105: uvm_test_top.env.agent.driver [DRV_LOAD] Loading IMEM[63] = 00000013
PIPE_DBG: t=3115 ifid_v=1 idex_v=0 exmem_v=0 memwb_v=1 | idex_rd=0 idex_rs1=0 idex_rs2=0 | exmem_rd=0 exmem_rw=1 | memwb_rd=0 		    memwb_rw=1 | fwdA=0 fwdB=0
WB : rd=0 wdata=00000000 resultsrc=0
====================================
TIME=3115
Instruction = 00000013
IDEX_PC      = 00000148
IDEX_RV1     = 00000000
IDEX_RV2     = 00000000
IDEX_IMM     = 00000000
ALU_A        = 00000000
ALU_B        = 00000000
ALU_CTRL     = 0
ALU_RES      = 00000000
========== ID/EX LOAD ==========
IFID_INSTR = 00000013
IMM_EXT    = 00000000
IMM_SRC    = 000
OPCODE     = 13
IDEX_CSR_READ_CAPTURE: instr=00000013 csr_rdata_now=00000000

========== CSR WRITE ==========
TIME=3115
csr_we    = 0
csr_cmd   = 0
csr_addr  = 000
csr_raddr = 000
csr_wdata = 00000000
OLD VALUE = 00000000
UVM_INFO ../UVM_VIP/rv32i_driver.sv(83) @ 3115: uvm_test_top.env.agent.driver [DRV_LOAD] Loading IMEM[63] = 00000013
PIPE_DBG: t=3125 ifid_v=0 idex_v=1 exmem_v=0 memwb_v=0 | idex_rd=0 idex_rs1=0 idex_rs2=0 | exmem_rd=0 exmem_rw=1 | memwb_rd=0 		    memwb_rw=1 | fwdA=0 fwdB=0
EXMEM_RD        = 0
EXMEM_RESULTSRC = 0
EXMEM_CSR_READ_CAPTURE: idex_csr_read_now=00000000

========== CSR WRITE ==========
TIME=3125
csr_we    = 0
csr_cmd   = 0
csr_addr  = 000
csr_raddr = 000
csr_wdata = 00000000
OLD VALUE = 00000000
UVM_INFO ../UVM_VIP/rv32i_driver.sv(83) @ 3125: uvm_test_top.env.agent.driver [DRV_LOAD] Loading IMEM[63] = 00000013
PIPE_DBG: t=3135 ifid_v=0 idex_v=0 exmem_v=1 memwb_v=0 | idex_rd=0 idex_rs1=0 idex_rs2=0 | exmem_rd=0 exmem_rw=1 | memwb_rd=0 		    memwb_rw=1 | fwdA=0 fwdB=0
EXMEM : rd=0 pc4=00000150 alu=00000000 resultsrc=0
MEMWB_RD        = 0
MEMWB_RESULTSRC = 0
MEMWB_WDATA     = 00000000

========== CSR WRITE ==========
TIME=3135
csr_we    = 0
csr_cmd   = 0
csr_addr  = 000
csr_raddr = 000
csr_wdata = 00000000
OLD VALUE = 00000000
UVM_INFO ../UVM_VIP/rv32i_driver.sv(83) @ 3135: uvm_test_top.env.agent.driver [DRV_LOAD] Loading IMEM[63] = 00000013
PIPE_DBG: t=3145 ifid_v=1 idex_v=0 exmem_v=0 memwb_v=1 | idex_rd=0 idex_rs1=0 idex_rs2=0 | exmem_rd=0 exmem_rw=1 | memwb_rd=0 		    memwb_rw=1 | fwdA=0 fwdB=0
WB : rd=0 wdata=00000000 resultsrc=0
====================================
TIME=3145
Instruction = 00000013
IDEX_PC      = 0000014c
IDEX_RV1     = 00000000
IDEX_RV2     = 00000000
IDEX_IMM     = 00000000
ALU_A        = 00000000
ALU_B        = 00000000
ALU_CTRL     = 0
ALU_RES      = 00000000
========== ID/EX LOAD ==========
IFID_INSTR = 00000013
IMM_EXT    = 00000000
IMM_SRC    = 000
OPCODE     = 13
IDEX_CSR_READ_CAPTURE: instr=00000013 csr_rdata_now=00000000

========== CSR WRITE ==========
TIME=3145
csr_we    = 0
csr_cmd   = 0
csr_addr  = 000
csr_raddr = 000
csr_wdata = 00000000
OLD VALUE = 00000000
UVM_INFO ../UVM_VIP/rv32i_driver.sv(83) @ 3145: uvm_test_top.env.agent.driver [DRV_LOAD] Loading IMEM[63] = 00000013
PIPE_DBG: t=3155 ifid_v=0 idex_v=1 exmem_v=0 memwb_v=0 | idex_rd=0 idex_rs1=0 idex_rs2=0 | exmem_rd=0 exmem_rw=1 | memwb_rd=0 		    memwb_rw=1 | fwdA=0 fwdB=0
EXMEM_RD        = 0
EXMEM_RESULTSRC = 0
EXMEM_CSR_READ_CAPTURE: idex_csr_read_now=00000000

========== CSR WRITE ==========
TIME=3155
csr_we    = 0
csr_cmd   = 0
csr_addr  = 000
csr_raddr = 000
csr_wdata = 00000000
OLD VALUE = 00000000
UVM_INFO ../UVM_VIP/rv32i_driver.sv(83) @ 3155: uvm_test_top.env.agent.driver [DRV_LOAD] Loading IMEM[63] = 00000013
PIPE_DBG: t=3165 ifid_v=0 idex_v=0 exmem_v=1 memwb_v=0 | idex_rd=0 idex_rs1=0 idex_rs2=0 | exmem_rd=0 exmem_rw=1 | memwb_rd=0 		    memwb_rw=1 | fwdA=0 fwdB=0
EXMEM : rd=0 pc4=00000154 alu=00000000 resultsrc=0
MEMWB_RD        = 0
MEMWB_RESULTSRC = 0
MEMWB_WDATA     = 00000000

========== CSR WRITE ==========
TIME=3165
csr_we    = 0
csr_cmd   = 0
csr_addr  = 000
csr_raddr = 000
csr_wdata = 00000000
OLD VALUE = 00000000
UVM_INFO ../UVM_VIP/rv32i_driver.sv(83) @ 3165: uvm_test_top.env.agent.driver [DRV_LOAD] Loading IMEM[63] = 00000013
PIPE_DBG: t=3175 ifid_v=1 idex_v=0 exmem_v=0 memwb_v=1 | idex_rd=0 idex_rs1=0 idex_rs2=0 | exmem_rd=0 exmem_rw=1 | memwb_rd=0 		    memwb_rw=1 | fwdA=0 fwdB=0
WB : rd=0 wdata=00000000 resultsrc=0
====================================
TIME=3175
Instruction = 00000013
IDEX_PC      = 00000150
IDEX_RV1     = 00000000
IDEX_RV2     = 00000000
IDEX_IMM     = 00000000
ALU_A        = 00000000
ALU_B        = 00000000
ALU_CTRL     = 0
ALU_RES      = 00000000
========== ID/EX LOAD ==========
IFID_INSTR = 00000013
IMM_EXT    = 00000000
IMM_SRC    = 000
OPCODE     = 13
IDEX_CSR_READ_CAPTURE: instr=00000013 csr_rdata_now=00000000

========== CSR WRITE ==========
TIME=3175
csr_we    = 0
csr_cmd   = 0
csr_addr  = 000
csr_raddr = 000
csr_wdata = 00000000
OLD VALUE = 00000000
UVM_INFO ../UVM_VIP/rv32i_driver.sv(83) @ 3175: uvm_test_top.env.agent.driver [DRV_LOAD] Loading IMEM[63] = 00000013
PIPE_DBG: t=3185 ifid_v=0 idex_v=1 exmem_v=0 memwb_v=0 | idex_rd=0 idex_rs1=0 idex_rs2=0 | exmem_rd=0 exmem_rw=1 | memwb_rd=0 		    memwb_rw=1 | fwdA=0 fwdB=0
EXMEM_RD        = 0
EXMEM_RESULTSRC = 0
EXMEM_CSR_READ_CAPTURE: idex_csr_read_now=00000000

========== CSR WRITE ==========
TIME=3185
csr_we    = 0
csr_cmd   = 0
csr_addr  = 000
csr_raddr = 000
csr_wdata = 00000000
OLD VALUE = 00000000
UVM_INFO ../UVM_VIP/rv32i_driver.sv(83) @ 3185: uvm_test_top.env.agent.driver [DRV_LOAD] Loading IMEM[63] = 00000013
PIPE_DBG: t=3195 ifid_v=0 idex_v=0 exmem_v=1 memwb_v=0 | idex_rd=0 idex_rs1=0 idex_rs2=0 | exmem_rd=0 exmem_rw=1 | memwb_rd=0 		    memwb_rw=1 | fwdA=0 fwdB=0
EXMEM : rd=0 pc4=00000158 alu=00000000 resultsrc=0
MEMWB_RD        = 0
MEMWB_RESULTSRC = 0
MEMWB_WDATA     = 00000000

========== CSR WRITE ==========
TIME=3195
csr_we    = 0
csr_cmd   = 0
csr_addr  = 000
csr_raddr = 000
csr_wdata = 00000000
OLD VALUE = 00000000
UVM_INFO ../UVM_VIP/rv32i_driver.sv(83) @ 3195: uvm_test_top.env.agent.driver [DRV_LOAD] Loading IMEM[63] = 00000013
PIPE_DBG: t=3205 ifid_v=1 idex_v=0 exmem_v=0 memwb_v=1 | idex_rd=0 idex_rs1=0 idex_rs2=0 | exmem_rd=0 exmem_rw=1 | memwb_rd=0 		    memwb_rw=1 | fwdA=0 fwdB=0
WB : rd=0 wdata=00000000 resultsrc=0
====================================
TIME=3205
Instruction = 00000013
IDEX_PC      = 00000154
IDEX_RV1     = 00000000
IDEX_RV2     = 00000000
IDEX_IMM     = 00000000
ALU_A        = 00000000
ALU_B        = 00000000
ALU_CTRL     = 0
ALU_RES      = 00000000
========== ID/EX LOAD ==========
IFID_INSTR = 00000013
IMM_EXT    = 00000000
IMM_SRC    = 000
OPCODE     = 13
IDEX_CSR_READ_CAPTURE: instr=00000013 csr_rdata_now=00000000

========== CSR WRITE ==========
TIME=3205
csr_we    = 0
csr_cmd   = 0
csr_addr  = 000
csr_raddr = 000
csr_wdata = 00000000
OLD VALUE = 00000000
UVM_INFO ../UVM_VIP/rv32i_driver.sv(83) @ 3205: uvm_test_top.env.agent.driver [DRV_LOAD] Loading IMEM[63] = 00000013
PIPE_DBG: t=3215 ifid_v=0 idex_v=1 exmem_v=0 memwb_v=0 | idex_rd=0 idex_rs1=0 idex_rs2=0 | exmem_rd=0 exmem_rw=1 | memwb_rd=0 		    memwb_rw=1 | fwdA=0 fwdB=0
EXMEM_RD        = 0
EXMEM_RESULTSRC = 0
EXMEM_CSR_READ_CAPTURE: idex_csr_read_now=00000000

========== CSR WRITE ==========
TIME=3215
csr_we    = 0
csr_cmd   = 0
csr_addr  = 000
csr_raddr = 000
csr_wdata = 00000000
OLD VALUE = 00000000
UVM_INFO ../UVM_VIP/rv32i_driver.sv(83) @ 3215: uvm_test_top.env.agent.driver [DRV_LOAD] Loading IMEM[63] = 00000013
PIPE_DBG: t=3225 ifid_v=0 idex_v=0 exmem_v=1 memwb_v=0 | idex_rd=0 idex_rs1=0 idex_rs2=0 | exmem_rd=0 exmem_rw=1 | memwb_rd=0 		    memwb_rw=1 | fwdA=0 fwdB=0
EXMEM : rd=0 pc4=0000015c alu=00000000 resultsrc=0
MEMWB_RD        = 0
MEMWB_RESULTSRC = 0
MEMWB_WDATA     = 00000000

========== CSR WRITE ==========
TIME=3225
csr_we    = 0
csr_cmd   = 0
csr_addr  = 000
csr_raddr = 000
csr_wdata = 00000000
OLD VALUE = 00000000
UVM_INFO ../UVM_VIP/rv32i_driver.sv(83) @ 3225: uvm_test_top.env.agent.driver [DRV_LOAD] Loading IMEM[63] = 00000013
PIPE_DBG: t=3235 ifid_v=1 idex_v=0 exmem_v=0 memwb_v=1 | idex_rd=0 idex_rs1=0 idex_rs2=0 | exmem_rd=0 exmem_rw=1 | memwb_rd=0 		    memwb_rw=1 | fwdA=0 fwdB=0
WB : rd=0 wdata=00000000 resultsrc=0
====================================
TIME=3235
Instruction = 00000013
IDEX_PC      = 00000158
IDEX_RV1     = 00000000
IDEX_RV2     = 00000000
IDEX_IMM     = 00000000
ALU_A        = 00000000
ALU_B        = 00000000
ALU_CTRL     = 0
ALU_RES      = 00000000
========== ID/EX LOAD ==========
IFID_INSTR = 00000013
IMM_EXT    = 00000000
IMM_SRC    = 000
OPCODE     = 13
IDEX_CSR_READ_CAPTURE: instr=00000013 csr_rdata_now=00000000

========== CSR WRITE ==========
TIME=3235
csr_we    = 0
csr_cmd   = 0
csr_addr  = 000
csr_raddr = 000
csr_wdata = 00000000
OLD VALUE = 00000000
UVM_INFO ../UVM_VIP/rv32i_driver.sv(83) @ 3235: uvm_test_top.env.agent.driver [DRV_LOAD] Loading IMEM[63] = 00000013
PIPE_DBG: t=3245 ifid_v=0 idex_v=1 exmem_v=0 memwb_v=0 | idex_rd=0 idex_rs1=0 idex_rs2=0 | exmem_rd=0 exmem_rw=1 | memwb_rd=0 		    memwb_rw=1 | fwdA=0 fwdB=0
EXMEM_RD        = 0
EXMEM_RESULTSRC = 0
EXMEM_CSR_READ_CAPTURE: idex_csr_read_now=00000000

========== CSR WRITE ==========
TIME=3245
csr_we    = 0
csr_cmd   = 0
csr_addr  = 000
csr_raddr = 000
csr_wdata = 00000000
OLD VALUE = 00000000
UVM_INFO ../UVM_VIP/rv32i_driver.sv(83) @ 3245: uvm_test_top.env.agent.driver [DRV_LOAD] Loading IMEM[63] = 00000013
PIPE_DBG: t=3255 ifid_v=0 idex_v=0 exmem_v=1 memwb_v=0 | idex_rd=0 idex_rs1=0 idex_rs2=0 | exmem_rd=0 exmem_rw=1 | memwb_rd=0 		    memwb_rw=1 | fwdA=0 fwdB=0
EXMEM : rd=0 pc4=00000160 alu=00000000 resultsrc=0
MEMWB_RD        = 0
MEMWB_RESULTSRC = 0
MEMWB_WDATA     = 00000000

========== CSR WRITE ==========
TIME=3255
csr_we    = 0
csr_cmd   = 0
csr_addr  = 000
csr_raddr = 000
csr_wdata = 00000000
OLD VALUE = 00000000
UVM_INFO ../UVM_VIP/rv32i_driver.sv(83) @ 3255: uvm_test_top.env.agent.driver [DRV_LOAD] Loading IMEM[63] = 00000013
PIPE_DBG: t=3265 ifid_v=1 idex_v=0 exmem_v=0 memwb_v=1 | idex_rd=0 idex_rs1=0 idex_rs2=0 | exmem_rd=0 exmem_rw=1 | memwb_rd=0 		    memwb_rw=1 | fwdA=0 fwdB=0
WB : rd=0 wdata=00000000 resultsrc=0
====================================
TIME=3265
Instruction = 00000013
IDEX_PC      = 0000015c
IDEX_RV1     = 00000000
IDEX_RV2     = 00000000
IDEX_IMM     = 00000000
ALU_A        = 00000000
ALU_B        = 00000000
ALU_CTRL     = 0
ALU_RES      = 00000000
========== ID/EX LOAD ==========
IFID_INSTR = 00000013
IMM_EXT    = 00000000
IMM_SRC    = 000
OPCODE     = 13
IDEX_CSR_READ_CAPTURE: instr=00000013 csr_rdata_now=00000000

========== CSR WRITE ==========
TIME=3265
csr_we    = 0
csr_cmd   = 0
csr_addr  = 000
csr_raddr = 000
csr_wdata = 00000000
OLD VALUE = 00000000
UVM_INFO ../UVM_VIP/rv32i_driver.sv(83) @ 3265: uvm_test_top.env.agent.driver [DRV_LOAD] Loading IMEM[63] = 00000013
PIPE_DBG: t=3275 ifid_v=0 idex_v=1 exmem_v=0 memwb_v=0 | idex_rd=0 idex_rs1=0 idex_rs2=0 | exmem_rd=0 exmem_rw=1 | memwb_rd=0 		    memwb_rw=1 | fwdA=0 fwdB=0
EXMEM_RD        = 0
EXMEM_RESULTSRC = 0
EXMEM_CSR_READ_CAPTURE: idex_csr_read_now=00000000

========== CSR WRITE ==========
TIME=3275
csr_we    = 0
csr_cmd   = 0
csr_addr  = 000
csr_raddr = 000
csr_wdata = 00000000
OLD VALUE = 00000000
UVM_INFO ../UVM_VIP/rv32i_driver.sv(83) @ 3275: uvm_test_top.env.agent.driver [DRV_LOAD] Loading IMEM[63] = 00000013
PIPE_DBG: t=3285 ifid_v=0 idex_v=0 exmem_v=1 memwb_v=0 | idex_rd=0 idex_rs1=0 idex_rs2=0 | exmem_rd=0 exmem_rw=1 | memwb_rd=0 		    memwb_rw=1 | fwdA=0 fwdB=0
EXMEM : rd=0 pc4=00000164 alu=00000000 resultsrc=0
MEMWB_RD        = 0
MEMWB_RESULTSRC = 0
MEMWB_WDATA     = 00000000

========== CSR WRITE ==========
TIME=3285
csr_we    = 0
csr_cmd   = 0
csr_addr  = 000
csr_raddr = 000
csr_wdata = 00000000
OLD VALUE = 00000000
UVM_INFO ../UVM_VIP/rv32i_driver.sv(83) @ 3285: uvm_test_top.env.agent.driver [DRV_LOAD] Loading IMEM[63] = 00000013
PIPE_DBG: t=3295 ifid_v=1 idex_v=0 exmem_v=0 memwb_v=1 | idex_rd=0 idex_rs1=0 idex_rs2=0 | exmem_rd=0 exmem_rw=1 | memwb_rd=0 		    memwb_rw=1 | fwdA=0 fwdB=0
WB : rd=0 wdata=00000000 resultsrc=0
====================================
TIME=3295
Instruction = 00000013
IDEX_PC      = 00000160
IDEX_RV1     = 00000000
IDEX_RV2     = 00000000
IDEX_IMM     = 00000000
ALU_A        = 00000000
ALU_B        = 00000000
ALU_CTRL     = 0
ALU_RES      = 00000000
========== ID/EX LOAD ==========
IFID_INSTR = 00000013
IMM_EXT    = 00000000
IMM_SRC    = 000
OPCODE     = 13
IDEX_CSR_READ_CAPTURE: instr=00000013 csr_rdata_now=00000000

========== CSR WRITE ==========
TIME=3295
csr_we    = 0
csr_cmd   = 0
csr_addr  = 000
csr_raddr = 000
csr_wdata = 00000000
OLD VALUE = 00000000
UVM_INFO ../UVM_VIP/rv32i_driver.sv(83) @ 3295: uvm_test_top.env.agent.driver [DRV_LOAD] Loading IMEM[63] = 00000013
PIPE_DBG: t=3305 ifid_v=0 idex_v=1 exmem_v=0 memwb_v=0 | idex_rd=0 idex_rs1=0 idex_rs2=0 | exmem_rd=0 exmem_rw=1 | memwb_rd=0 		    memwb_rw=1 | fwdA=0 fwdB=0
EXMEM_RD        = 0
EXMEM_RESULTSRC = 0
EXMEM_CSR_READ_CAPTURE: idex_csr_read_now=00000000

========== CSR WRITE ==========
TIME=3305
csr_we    = 0
csr_cmd   = 0
csr_addr  = 000
csr_raddr = 000
csr_wdata = 00000000
OLD VALUE = 00000000
UVM_INFO ../UVM_VIP/rv32i_driver.sv(83) @ 3305: uvm_test_top.env.agent.driver [DRV_LOAD] Loading IMEM[63] = 00000013
PIPE_DBG: t=3315 ifid_v=0 idex_v=0 exmem_v=1 memwb_v=0 | idex_rd=0 idex_rs1=0 idex_rs2=0 | exmem_rd=0 exmem_rw=1 | memwb_rd=0 		    memwb_rw=1 | fwdA=0 fwdB=0
EXMEM : rd=0 pc4=00000168 alu=00000000 resultsrc=0
MEMWB_RD        = 0
MEMWB_RESULTSRC = 0
MEMWB_WDATA     = 00000000

========== CSR WRITE ==========
TIME=3315
csr_we    = 0
csr_cmd   = 0
csr_addr  = 000
csr_raddr = 000
csr_wdata = 00000000
OLD VALUE = 00000000
UVM_INFO ../UVM_VIP/rv32i_driver.sv(83) @ 3315: uvm_test_top.env.agent.driver [DRV_LOAD] Loading IMEM[63] = 00000013
PIPE_DBG: t=3325 ifid_v=1 idex_v=0 exmem_v=0 memwb_v=1 | idex_rd=0 idex_rs1=0 idex_rs2=0 | exmem_rd=0 exmem_rw=1 | memwb_rd=0 		    memwb_rw=1 | fwdA=0 fwdB=0
WB : rd=0 wdata=00000000 resultsrc=0
====================================
TIME=3325
Instruction = 00000013
IDEX_PC      = 00000164
IDEX_RV1     = 00000000
IDEX_RV2     = 00000000
IDEX_IMM     = 00000000
ALU_A        = 00000000
ALU_B        = 00000000
ALU_CTRL     = 0
ALU_RES      = 00000000
========== ID/EX LOAD ==========
IFID_INSTR = 00000013
IMM_EXT    = 00000000
IMM_SRC    = 000
OPCODE     = 13
IDEX_CSR_READ_CAPTURE: instr=00000013 csr_rdata_now=00000000

========== CSR WRITE ==========
TIME=3325
csr_we    = 0
csr_cmd   = 0
csr_addr  = 000
csr_raddr = 000
csr_wdata = 00000000
OLD VALUE = 00000000
UVM_INFO ../UVM_VIP/rv32i_driver.sv(83) @ 3325: uvm_test_top.env.agent.driver [DRV_LOAD] Loading IMEM[63] = 00000013
PIPE_DBG: t=3335 ifid_v=0 idex_v=1 exmem_v=0 memwb_v=0 | idex_rd=0 idex_rs1=0 idex_rs2=0 | exmem_rd=0 exmem_rw=1 | memwb_rd=0 		    memwb_rw=1 | fwdA=0 fwdB=0
EXMEM_RD        = 0
EXMEM_RESULTSRC = 0
EXMEM_CSR_READ_CAPTURE: idex_csr_read_now=00000000

========== CSR WRITE ==========
TIME=3335
csr_we    = 0
csr_cmd   = 0
csr_addr  = 000
csr_raddr = 000
csr_wdata = 00000000
OLD VALUE = 00000000
UVM_INFO ../UVM_VIP/rv32i_driver.sv(83) @ 3335: uvm_test_top.env.agent.driver [DRV_LOAD] Loading IMEM[63] = 00000013
PIPE_DBG: t=3345 ifid_v=0 idex_v=0 exmem_v=1 memwb_v=0 | idex_rd=0 idex_rs1=0 idex_rs2=0 | exmem_rd=0 exmem_rw=1 | memwb_rd=0 		    memwb_rw=1 | fwdA=0 fwdB=0
EXMEM : rd=0 pc4=0000016c alu=00000000 resultsrc=0
MEMWB_RD        = 0
MEMWB_RESULTSRC = 0
MEMWB_WDATA     = 00000000

========== CSR WRITE ==========
TIME=3345
csr_we    = 0
csr_cmd   = 0
csr_addr  = 000
csr_raddr = 000
csr_wdata = 00000000
OLD VALUE = 00000000
UVM_INFO ../UVM_VIP/rv32i_driver.sv(83) @ 3345: uvm_test_top.env.agent.driver [DRV_LOAD] Loading IMEM[63] = 00000013
PIPE_DBG: t=3355 ifid_v=1 idex_v=0 exmem_v=0 memwb_v=1 | idex_rd=0 idex_rs1=0 idex_rs2=0 | exmem_rd=0 exmem_rw=1 | memwb_rd=0 		    memwb_rw=1 | fwdA=0 fwdB=0
WB : rd=0 wdata=00000000 resultsrc=0
====================================
TIME=3355
Instruction = 00000013
IDEX_PC      = 00000168
IDEX_RV1     = 00000000
IDEX_RV2     = 00000000
IDEX_IMM     = 00000000
ALU_A        = 00000000
ALU_B        = 00000000
ALU_CTRL     = 0
ALU_RES      = 00000000
========== ID/EX LOAD ==========
IFID_INSTR = 00000013
IMM_EXT    = 00000000
IMM_SRC    = 000
OPCODE     = 13
IDEX_CSR_READ_CAPTURE: instr=00000013 csr_rdata_now=00000000

========== CSR WRITE ==========
TIME=3355
csr_we    = 0
csr_cmd   = 0
csr_addr  = 000
csr_raddr = 000
csr_wdata = 00000000
OLD VALUE = 00000000
UVM_INFO ../UVM_VIP/rv32i_driver.sv(83) @ 3355: uvm_test_top.env.agent.driver [DRV_LOAD] Loading IMEM[63] = 00000013
PIPE_DBG: t=3365 ifid_v=0 idex_v=1 exmem_v=0 memwb_v=0 | idex_rd=0 idex_rs1=0 idex_rs2=0 | exmem_rd=0 exmem_rw=1 | memwb_rd=0 		    memwb_rw=1 | fwdA=0 fwdB=0
EXMEM_RD        = 0
EXMEM_RESULTSRC = 0
EXMEM_CSR_READ_CAPTURE: idex_csr_read_now=00000000

========== CSR WRITE ==========
TIME=3365
csr_we    = 0
csr_cmd   = 0
csr_addr  = 000
csr_raddr = 000
csr_wdata = 00000000
OLD VALUE = 00000000
UVM_INFO ../UVM_VIP/rv32i_driver.sv(83) @ 3365: uvm_test_top.env.agent.driver [DRV_LOAD] Loading IMEM[63] = 00000013
PIPE_DBG: t=3375 ifid_v=0 idex_v=0 exmem_v=1 memwb_v=0 | idex_rd=0 idex_rs1=0 idex_rs2=0 | exmem_rd=0 exmem_rw=1 | memwb_rd=0 		    memwb_rw=1 | fwdA=0 fwdB=0
EXMEM : rd=0 pc4=00000170 alu=00000000 resultsrc=0
MEMWB_RD        = 0
MEMWB_RESULTSRC = 0
MEMWB_WDATA     = 00000000

========== CSR WRITE ==========
TIME=3375
csr_we    = 0
csr_cmd   = 0
csr_addr  = 000
csr_raddr = 000
csr_wdata = 00000000
OLD VALUE = 00000000
UVM_INFO ../UVM_VIP/rv32i_driver.sv(83) @ 3375: uvm_test_top.env.agent.driver [DRV_LOAD] Loading IMEM[63] = 00000013
PIPE_DBG: t=3385 ifid_v=1 idex_v=0 exmem_v=0 memwb_v=1 | idex_rd=0 idex_rs1=0 idex_rs2=0 | exmem_rd=0 exmem_rw=1 | memwb_rd=0 		    memwb_rw=1 | fwdA=0 fwdB=0
WB : rd=0 wdata=00000000 resultsrc=0
====================================
TIME=3385
Instruction = 00000013
IDEX_PC      = 0000016c
IDEX_RV1     = 00000000
IDEX_RV2     = 00000000
IDEX_IMM     = 00000000
ALU_A        = 00000000
ALU_B        = 00000000
ALU_CTRL     = 0
ALU_RES      = 00000000
========== ID/EX LOAD ==========
IFID_INSTR = 00000013
IMM_EXT    = 00000000
IMM_SRC    = 000
OPCODE     = 13
IDEX_CSR_READ_CAPTURE: instr=00000013 csr_rdata_now=00000000

========== CSR WRITE ==========
TIME=3385
csr_we    = 0
csr_cmd   = 0
csr_addr  = 000
csr_raddr = 000
csr_wdata = 00000000
OLD VALUE = 00000000
UVM_INFO ../UVM_VIP/rv32i_driver.sv(83) @ 3385: uvm_test_top.env.agent.driver [DRV_LOAD] Loading IMEM[63] = 00000013
PIPE_DBG: t=3395 ifid_v=0 idex_v=1 exmem_v=0 memwb_v=0 | idex_rd=0 idex_rs1=0 idex_rs2=0 | exmem_rd=0 exmem_rw=1 | memwb_rd=0 		    memwb_rw=1 | fwdA=0 fwdB=0
EXMEM_RD        = 0
EXMEM_RESULTSRC = 0
EXMEM_CSR_READ_CAPTURE: idex_csr_read_now=00000000

========== CSR WRITE ==========
TIME=3395
csr_we    = 0
csr_cmd   = 0
csr_addr  = 000
csr_raddr = 000
csr_wdata = 00000000
OLD VALUE = 00000000
UVM_INFO ../UVM_VIP/rv32i_driver.sv(83) @ 3395: uvm_test_top.env.agent.driver [DRV_LOAD] Loading IMEM[63] = 00000013
PIPE_DBG: t=3405 ifid_v=0 idex_v=0 exmem_v=1 memwb_v=0 | idex_rd=0 idex_rs1=0 idex_rs2=0 | exmem_rd=0 exmem_rw=1 | memwb_rd=0 		    memwb_rw=1 | fwdA=0 fwdB=0
EXMEM : rd=0 pc4=00000174 alu=00000000 resultsrc=0
MEMWB_RD        = 0
MEMWB_RESULTSRC = 0
MEMWB_WDATA     = 00000000

========== CSR WRITE ==========
TIME=3405
csr_we    = 0
csr_cmd   = 0
csr_addr  = 000
csr_raddr = 000
csr_wdata = 00000000
OLD VALUE = 00000000
UVM_INFO ../UVM_VIP/rv32i_driver.sv(83) @ 3405: uvm_test_top.env.agent.driver [DRV_LOAD] Loading IMEM[63] = 00000013
PIPE_DBG: t=3415 ifid_v=1 idex_v=0 exmem_v=0 memwb_v=1 | idex_rd=0 idex_rs1=0 idex_rs2=0 | exmem_rd=0 exmem_rw=1 | memwb_rd=0 		    memwb_rw=1 | fwdA=0 fwdB=0
WB : rd=0 wdata=00000000 resultsrc=0
====================================
TIME=3415
Instruction = 00000013
IDEX_PC      = 00000170
IDEX_RV1     = 00000000
IDEX_RV2     = 00000000
IDEX_IMM     = 00000000
ALU_A        = 00000000
ALU_B        = 00000000
ALU_CTRL     = 0
ALU_RES      = 00000000
========== ID/EX LOAD ==========
IFID_INSTR = 00000013
IMM_EXT    = 00000000
IMM_SRC    = 000
OPCODE     = 13
IDEX_CSR_READ_CAPTURE: instr=00000013 csr_rdata_now=00000000

========== CSR WRITE ==========
TIME=3415
csr_we    = 0
csr_cmd   = 0
csr_addr  = 000
csr_raddr = 000
csr_wdata = 00000000
OLD VALUE = 00000000
UVM_INFO ../UVM_VIP/rv32i_driver.sv(83) @ 3415: uvm_test_top.env.agent.driver [DRV_LOAD] Loading IMEM[63] = 00000013
PIPE_DBG: t=3425 ifid_v=0 idex_v=1 exmem_v=0 memwb_v=0 | idex_rd=0 idex_rs1=0 idex_rs2=0 | exmem_rd=0 exmem_rw=1 | memwb_rd=0 		    memwb_rw=1 | fwdA=0 fwdB=0
EXMEM_RD        = 0
EXMEM_RESULTSRC = 0
EXMEM_CSR_READ_CAPTURE: idex_csr_read_now=00000000

========== CSR WRITE ==========
TIME=3425
csr_we    = 0
csr_cmd   = 0
csr_addr  = 000
csr_raddr = 000
csr_wdata = 00000000
OLD VALUE = 00000000
UVM_INFO ../UVM_VIP/rv32i_driver.sv(83) @ 3425: uvm_test_top.env.agent.driver [DRV_LOAD] Loading IMEM[63] = 00000013
PIPE_DBG: t=3435 ifid_v=0 idex_v=0 exmem_v=1 memwb_v=0 | idex_rd=0 idex_rs1=0 idex_rs2=0 | exmem_rd=0 exmem_rw=1 | memwb_rd=0 		    memwb_rw=1 | fwdA=0 fwdB=0
EXMEM : rd=0 pc4=00000178 alu=00000000 resultsrc=0
MEMWB_RD        = 0
MEMWB_RESULTSRC = 0
MEMWB_WDATA     = 00000000

========== CSR WRITE ==========
TIME=3435
csr_we    = 0
csr_cmd   = 0
csr_addr  = 000
csr_raddr = 000
csr_wdata = 00000000
OLD VALUE = 00000000
UVM_INFO ../UVM_VIP/rv32i_driver.sv(83) @ 3435: uvm_test_top.env.agent.driver [DRV_LOAD] Loading IMEM[63] = 00000013
PIPE_DBG: t=3445 ifid_v=1 idex_v=0 exmem_v=0 memwb_v=1 | idex_rd=0 idex_rs1=0 idex_rs2=0 | exmem_rd=0 exmem_rw=1 | memwb_rd=0 		    memwb_rw=1 | fwdA=0 fwdB=0
WB : rd=0 wdata=00000000 resultsrc=0
====================================
TIME=3445
Instruction = 00000013
IDEX_PC      = 00000174
IDEX_RV1     = 00000000
IDEX_RV2     = 00000000
IDEX_IMM     = 00000000
ALU_A        = 00000000
ALU_B        = 00000000
ALU_CTRL     = 0
ALU_RES      = 00000000
========== ID/EX LOAD ==========
IFID_INSTR = 00000013
IMM_EXT    = 00000000
IMM_SRC    = 000
OPCODE     = 13
IDEX_CSR_READ_CAPTURE: instr=00000013 csr_rdata_now=00000000

========== CSR WRITE ==========
TIME=3445
csr_we    = 0
csr_cmd   = 0
csr_addr  = 000
csr_raddr = 000
csr_wdata = 00000000
OLD VALUE = 00000000
UVM_INFO ../UVM_VIP/rv32i_driver.sv(83) @ 3445: uvm_test_top.env.agent.driver [DRV_LOAD] Loading IMEM[63] = 00000013
PIPE_DBG: t=3455 ifid_v=0 idex_v=1 exmem_v=0 memwb_v=0 | idex_rd=0 idex_rs1=0 idex_rs2=0 | exmem_rd=0 exmem_rw=1 | memwb_rd=0 		    memwb_rw=1 | fwdA=0 fwdB=0
EXMEM_RD        = 0
EXMEM_RESULTSRC = 0
EXMEM_CSR_READ_CAPTURE: idex_csr_read_now=00000000

========== CSR WRITE ==========
TIME=3455
csr_we    = 0
csr_cmd   = 0
csr_addr  = 000
csr_raddr = 000
csr_wdata = 00000000
OLD VALUE = 00000000
UVM_INFO ../UVM_VIP/rv32i_driver.sv(83) @ 3455: uvm_test_top.env.agent.driver [DRV_LOAD] Loading IMEM[63] = 00000013
PIPE_DBG: t=3465 ifid_v=0 idex_v=0 exmem_v=1 memwb_v=0 | idex_rd=0 idex_rs1=0 idex_rs2=0 | exmem_rd=0 exmem_rw=1 | memwb_rd=0 		    memwb_rw=1 | fwdA=0 fwdB=0
EXMEM : rd=0 pc4=0000017c alu=00000000 resultsrc=0
MEMWB_RD        = 0
MEMWB_RESULTSRC = 0
MEMWB_WDATA     = 00000000

========== CSR WRITE ==========
TIME=3465
csr_we    = 0
csr_cmd   = 0
csr_addr  = 000
csr_raddr = 000
csr_wdata = 00000000
OLD VALUE = 00000000
UVM_INFO ../UVM_VIP/rv32i_driver.sv(83) @ 3465: uvm_test_top.env.agent.driver [DRV_LOAD] Loading IMEM[63] = 00000013
PIPE_DBG: t=3475 ifid_v=1 idex_v=0 exmem_v=0 memwb_v=1 | idex_rd=0 idex_rs1=0 idex_rs2=0 | exmem_rd=0 exmem_rw=1 | memwb_rd=0 		    memwb_rw=1 | fwdA=0 fwdB=0
WB : rd=0 wdata=00000000 resultsrc=0
====================================
TIME=3475
Instruction = 00000013
IDEX_PC      = 00000178
IDEX_RV1     = 00000000
IDEX_RV2     = 00000000
IDEX_IMM     = 00000000
ALU_A        = 00000000
ALU_B        = 00000000
ALU_CTRL     = 0
ALU_RES      = 00000000
========== ID/EX LOAD ==========
IFID_INSTR = 00000013
IMM_EXT    = 00000000
IMM_SRC    = 000
OPCODE     = 13
IDEX_CSR_READ_CAPTURE: instr=00000013 csr_rdata_now=00000000

========== CSR WRITE ==========
TIME=3475
csr_we    = 0
csr_cmd   = 0
csr_addr  = 000
csr_raddr = 000
csr_wdata = 00000000
OLD VALUE = 00000000
UVM_INFO ../UVM_VIP/rv32i_driver.sv(83) @ 3475: uvm_test_top.env.agent.driver [DRV_LOAD] Loading IMEM[63] = 00000013
PIPE_DBG: t=3485 ifid_v=0 idex_v=1 exmem_v=0 memwb_v=0 | idex_rd=0 idex_rs1=0 idex_rs2=0 | exmem_rd=0 exmem_rw=1 | memwb_rd=0 		    memwb_rw=1 | fwdA=0 fwdB=0
EXMEM_RD        = 0
EXMEM_RESULTSRC = 0
EXMEM_CSR_READ_CAPTURE: idex_csr_read_now=00000000

========== CSR WRITE ==========
TIME=3485
csr_we    = 0
csr_cmd   = 0
csr_addr  = 000
csr_raddr = 000
csr_wdata = 00000000
OLD VALUE = 00000000
UVM_INFO ../UVM_VIP/rv32i_driver.sv(83) @ 3485: uvm_test_top.env.agent.driver [DRV_LOAD] Loading IMEM[63] = 00000013
PIPE_DBG: t=3495 ifid_v=0 idex_v=0 exmem_v=1 memwb_v=0 | idex_rd=0 idex_rs1=0 idex_rs2=0 | exmem_rd=0 exmem_rw=1 | memwb_rd=0 		    memwb_rw=1 | fwdA=0 fwdB=0
EXMEM : rd=0 pc4=00000180 alu=00000000 resultsrc=0
MEMWB_RD        = 0
MEMWB_RESULTSRC = 0
MEMWB_WDATA     = 00000000

========== CSR WRITE ==========
TIME=3495
csr_we    = 0
csr_cmd   = 0
csr_addr  = 000
csr_raddr = 000
csr_wdata = 00000000
OLD VALUE = 00000000
UVM_INFO ../UVM_VIP/rv32i_driver.sv(83) @ 3495: uvm_test_top.env.agent.driver [DRV_LOAD] Loading IMEM[63] = 00000013
PIPE_DBG: t=3505 ifid_v=1 idex_v=0 exmem_v=0 memwb_v=1 | idex_rd=0 idex_rs1=0 idex_rs2=0 | exmem_rd=0 exmem_rw=1 | memwb_rd=0 		    memwb_rw=1 | fwdA=0 fwdB=0
WB : rd=0 wdata=00000000 resultsrc=0
====================================
TIME=3505
Instruction = 00000013
IDEX_PC      = 0000017c
IDEX_RV1     = 00000000
IDEX_RV2     = 00000000
IDEX_IMM     = 00000000
ALU_A        = 00000000
ALU_B        = 00000000
ALU_CTRL     = 0
ALU_RES      = 00000000
========== ID/EX LOAD ==========
IFID_INSTR = 00000013
IMM_EXT    = 00000000
IMM_SRC    = 000
OPCODE     = 13
IDEX_CSR_READ_CAPTURE: instr=00000013 csr_rdata_now=00000000

========== CSR WRITE ==========
TIME=3505
csr_we    = 0
csr_cmd   = 0
csr_addr  = 000
csr_raddr = 000
csr_wdata = 00000000
OLD VALUE = 00000000
UVM_INFO ../UVM_VIP/rv32i_driver.sv(83) @ 3505: uvm_test_top.env.agent.driver [DRV_LOAD] Loading IMEM[63] = 00000013
PIPE_DBG: t=3515 ifid_v=0 idex_v=1 exmem_v=0 memwb_v=0 | idex_rd=0 idex_rs1=0 idex_rs2=0 | exmem_rd=0 exmem_rw=1 | memwb_rd=0 		    memwb_rw=1 | fwdA=0 fwdB=0
EXMEM_RD        = 0
EXMEM_RESULTSRC = 0
EXMEM_CSR_READ_CAPTURE: idex_csr_read_now=00000000

========== CSR WRITE ==========
TIME=3515
csr_we    = 0
csr_cmd   = 0
csr_addr  = 000
csr_raddr = 000
csr_wdata = 00000000
OLD VALUE = 00000000
UVM_INFO ../UVM_VIP/rv32i_driver.sv(83) @ 3515: uvm_test_top.env.agent.driver [DRV_LOAD] Loading IMEM[63] = 00000013
PIPE_DBG: t=3525 ifid_v=0 idex_v=0 exmem_v=1 memwb_v=0 | idex_rd=0 idex_rs1=0 idex_rs2=0 | exmem_rd=0 exmem_rw=1 | memwb_rd=0 		    memwb_rw=1 | fwdA=0 fwdB=0
EXMEM : rd=0 pc4=00000184 alu=00000000 resultsrc=0
MEMWB_RD        = 0
MEMWB_RESULTSRC = 0
MEMWB_WDATA     = 00000000

========== CSR WRITE ==========
TIME=3525
csr_we    = 0
csr_cmd   = 0
csr_addr  = 000
csr_raddr = 000
csr_wdata = 00000000
OLD VALUE = 00000000
UVM_INFO ../UVM_VIP/rv32i_driver.sv(83) @ 3525: uvm_test_top.env.agent.driver [DRV_LOAD] Loading IMEM[63] = 00000013
PIPE_DBG: t=3535 ifid_v=1 idex_v=0 exmem_v=0 memwb_v=1 | idex_rd=0 idex_rs1=0 idex_rs2=0 | exmem_rd=0 exmem_rw=1 | memwb_rd=0 		    memwb_rw=1 | fwdA=0 fwdB=0
WB : rd=0 wdata=00000000 resultsrc=0
====================================
TIME=3535
Instruction = 00000013
IDEX_PC      = 00000180
IDEX_RV1     = 00000000
IDEX_RV2     = 00000000
IDEX_IMM     = 00000000
ALU_A        = 00000000
ALU_B        = 00000000
ALU_CTRL     = 0
ALU_RES      = 00000000
========== ID/EX LOAD ==========
IFID_INSTR = 00000013
IMM_EXT    = 00000000
IMM_SRC    = 000
OPCODE     = 13
IDEX_CSR_READ_CAPTURE: instr=00000013 csr_rdata_now=00000000

========== CSR WRITE ==========
TIME=3535
csr_we    = 0
csr_cmd   = 0
csr_addr  = 000
csr_raddr = 000
csr_wdata = 00000000
OLD VALUE = 00000000
UVM_INFO ../UVM_VIP/rv32i_sequence_lib.sv(1130) @ 3535: uvm_test_top.env.agent.sequencer@@seq [seq] === Coverage Closure Sequence DONE ===
UVM_INFO /synopsys/tools/vcs/vcs/X-2025.06-SP2-1/vcs/X-2025.06-SP2-1/etc/uvm-1.2/base/uvm_objection.svh(1276) @ 3535: reporter [TEST_DONE] 'run' phase is ready to proceed to the 'extract' phase
UVM_INFO ../UVM_VIP/rv32i_coverage.sv(314) @ 3535: uvm_test_top.env.coverage [COV] ============= COVERAGE SUMMARY =============
UVM_INFO ../UVM_VIP/rv32i_coverage.sv(315) @ 3535: uvm_test_top.env.coverage [COV] Opcode        : 54.5%
UVM_INFO ../UVM_VIP/rv32i_coverage.sv(316) @ 3535: uvm_test_top.env.coverage [COV] ALU Control   : 18.2%
UVM_INFO ../UVM_VIP/rv32i_coverage.sv(317) @ 3535: uvm_test_top.env.coverage [COV] Branch×Taken  : 86.1%
UVM_INFO ../UVM_VIP/rv32i_coverage.sv(318) @ 3535: uvm_test_top.env.coverage [COV] Forwarding    : 95.8%
UVM_INFO ../UVM_VIP/rv32i_coverage.sv(319) @ 3535: uvm_test_top.env.coverage [COV] WB Source     : 75.0%
UVM_INFO ../UVM_VIP/rv32i_coverage.sv(320) @ 3535: uvm_test_top.env.coverage [COV] Trap Cause    : 42.9%
UVM_INFO ../UVM_VIP/rv32i_coverage.sv(321) @ 3535: uvm_test_top.env.coverage [COV] Load Width    : 0.0%
UVM_INFO ../UVM_VIP/rv32i_coverage.sv(322) @ 3535: uvm_test_top.env.coverage [COV] Store Width   : 33.3%
UVM_INFO ../UVM_VIP/rv32i_coverage.sv(323) @ 3535: uvm_test_top.env.coverage [COV] Mem Alignment : 0.0%
UVM_INFO ../UVM_VIP/rv32i_coverage.sv(324) @ 3535: uvm_test_top.env.coverage [COV] Reg Addresses : 90.6%
UVM_INFO ../UVM_VIP/rv32i_coverage.sv(325) @ 3535: uvm_test_top.env.coverage [COV] R-type f3     : 12.5%
UVM_INFO ../UVM_VIP/rv32i_coverage.sv(326) @ 3535: uvm_test_top.env.coverage [COV] I-type f3     : 12.5%
UVM_INFO ../UVM_VIP/rv32i_coverage.sv(327) @ 3535: uvm_test_top.env.coverage [COV] Control Flow  : 66.7%
UVM_INFO ../UVM_VIP/rv32i_coverage.sv(328) @ 3535: uvm_test_top.env.coverage [COV] ============================================
UVM_INFO ../UVM_VIP/rv32i_scoreboard.sv(277) @ 3535: uvm_test_top.env.scoreboard [SB] ============================================
UVM_INFO ../UVM_VIP/rv32i_scoreboard.sv(278) @ 3535: uvm_test_top.env.scoreboard [SB] WB  checks: 49
UVM_INFO ../UVM_VIP/rv32i_scoreboard.sv(279) @ 3535: uvm_test_top.env.scoreboard [SB] MEM checks: 0
UVM_INFO ../UVM_VIP/rv32i_scoreboard.sv(280) @ 3535: uvm_test_top.env.scoreboard [SB] TRP checks: 3
UVM_INFO ../UVM_VIP/rv32i_scoreboard.sv(281) @ 3535: uvm_test_top.env.scoreboard [SB] PASS: 3  FAIL: 0
UVM_INFO ../UVM_VIP/rv32i_scoreboard.sv(283) @ 3535: uvm_test_top.env.scoreboard [SB] *** ALL CHECKS PASSED ***
UVM_INFO ../UVM_VIP/rv32i_scoreboard.sv(286) @ 3535: uvm_test_top.env.scoreboard [SB] ============================================
UVM_INFO /synopsys/tools/vcs/vcs/X-2025.06-SP2-1/vcs/X-2025.06-SP2-1/etc/uvm-1.2/base/uvm_report_catcher.svh(705) @ 3535: reporter [UVM/REPORT/CATCHER] 
--- UVM Report catcher Summary ---


Number of demoted UVM_FATAL reports  :    0
Number of demoted UVM_ERROR reports  :    0
Number of demoted UVM_WARNING reports:    0
Number of caught UVM_FATAL reports   :    0
Number of caught UVM_ERROR reports   :    0
Number of caught UVM_WARNING reports :    0

UVM_INFO /synopsys/tools/vcs/vcs/X-2025.06-SP2-1/vcs/X-2025.06-SP2-1/etc/uvm-1.2/base/uvm_report_server.svh(904) @ 3535: reporter [UVM/REPORT/SERVER] 
--- UVM Report Summary ---

** Report counts by severity
UVM_INFO :  367
UVM_WARNING :    0
UVM_ERROR :    0
UVM_FATAL :    0
** Report counts by id
[COV]    15
[DRV]     5
[DRV_LOAD]   326
[MON]     3
[RNTST]     1
[SB]     7
[SB_TRAP]     3
[TEST_DONE]     1
[UVM/RELNOTES]     1
[UVM/REPORT/CATCHER]     1
[UVMTOP]     1
[seq]     3

$finish called from file "/synopsys/tools/vcs/vcs/X-2025.06-SP2-1/vcs/X-2025.06-SP2-1/etc/uvm-1.2/base/uvm_root.svh", line 532.
$finish at simulation time                 3535

---------------------------------------------------------------------------
VCS Coverage Metrics: during simulation line, cond, FSM, branch, tgl was monitored
---------------------------------------------------------------------------
           V C S   S i m u l a t i o n   R e p o r t 
Time: 3535
CPU Time:      0.470 seconds;       Data structure size:   0.8Mb
Tue Aug  4 08:06:02 2026
